ctime,schemaname,relname,seq_scan,seq_tup_read,idx_scan,idx_tup_fetch,n_tup_ins,n_tup_upd,n_tup_del,n_tup_hot_upd,n_live_tup,n_dead_tup,heap_blks_read,heap_blks_hit,idx_blks_read,idx_blks_hit,toast_blks_read,toast_blks_hit,tidx_blks_read,tidx_blks_hit
1415062396.16349,pg_catalog,pg_attrdef,0,0,0,0,0,0,0,0,0,0,0,0,0,0,0,0,0,0
1415062396.16349,pg_catalog,pg_db_role_setting,0,0,31032,0,0,0,0,0,0,0,0,0,969,30063,0,0,0,0
1415062396.16349,pg_catalog,pg_rowsecurity,0,0,0,0,0,0,0,0,0,0,0,0,0,0,,,,
1415062396.16349,pg_catalog,pg_description,0,0,601,0,0,0,0,0,0,0,0,0,181,1159,0,0,0,0
1415062396.16349,pg_catalog,pg_foreign_data_wrapper,0,0,0,0,0,0,0,0,0,0,0,0,0,0,,,,
1415062396.16349,pg_catalog,pg_conversion,0,0,0,0,0,0,0,0,0,0,0,0,0,0,,,,
1415062396.16349,information_schema,sql_features,0,0,,,0,0,0,0,0,0,0,0,,,0,0,0,0
1415062396.16349,pg_catalog,pg_class,6154,1691511,267035,254869,270,88,232,83,337,5,7555,308764,8143,544540,,,,
1415062396.16349,pg_catalog,pg_opfamily,0,0,0,0,0,0,0,0,0,0,0,0,0,0,,,,
1415062396.16349,pg_catalog,pg_auth_members,0,0,0,0,0,0,0,0,0,0,0,0,0,0,,,,
1415062396.16349,pg_catalog,pg_operator,0,0,41030,178860,0,0,0,0,0,0,9057,118200,6154,85953,,,,
1415062396.16349,information_schema,sql_packages,0,0,,,0,0,0,0,0,0,0,0,,,0,0,0,0
1415062396.16349,pg_catalog,pg_attribute,572,3900,179970,348661,1118,40,940,17,2514,316,10079,193440,4966,368265,,,,
1415062396.16349,pg_catalog,pg_tablespace,2,4,5366,5366,0,0,0,0,0,0,778,4590,1567,9187,,,,
1415062396.16349,public,partsupp,7,40000000,56560,2346780,8000000,0,0,0,8000000,0,845794,3055466,38803,137651,,,,
1415062396.16349,pg_catalog,pg_statistic,0,0,35739,31840,271,577,208,280,464,67,4930,29207,2558,75549,1955,6777,392,7215
1415062396.16349,pg_catalog,pg_aggregate,0,0,2722,2722,0,0,0,0,0,0,743,1979,1495,3372,,,,
1415062396.16349,pg_catalog,pg_inherits,0,0,138,0,0,0,0,0,0,0,0,0,61,77,,,,
1415062396.16349,information_schema,sql_sizing,0,0,,,0,0,0,0,0,0,0,0,,,0,0,0,0
1415062396.16349,pg_catalog,pg_enum,0,0,0,0,0,0,0,0,0,0,0,0,0,0,,,,
1415062396.16349,pg_toast,pg_toast_2396,0,0,0,0,0,0,0,0,0,0,0,0,0,0,,,,
1415062396.16349,pg_catalog,pg_pltemplate,0,0,0,0,0,0,0,0,0,0,0,0,0,0,,,,
1415062396.16349,pg_toast,pg_toast_2618,0,0,2804,8968,0,0,0,0,0,0,1033,2351,379,4117,,,,
1415062396.16349,public,nation,27,325,25933,25957,25,0,0,0,25,0,6,25942,14,25940,,,,
1415062396.16349,pg_toast,pg_toast_3596,0,0,0,0,0,0,0,0,0,0,0,0,0,0,,,,
1415062396.16349,public,supplier,12,700000,3302687,3380439,100000,0,0,0,100000,0,11322,3324816,791,6622996,,,,
1415062396.16349,pg_toast,pg_toast_11747,0,0,0,0,0,0,0,0,0,0,0,0,0,0,,,,
1415062396.16349,pg_toast,pg_toast_11727,0,0,0,0,0,0,0,0,0,0,0,0,0,0,,,,
1415062396.16349,pg_toast,pg_toast_2606,0,0,0,0,0,0,0,0,0,0,0,0,0,0,,,,
1415062396.16349,public,orders,17,165105000,5151850,8275078,15015000,0,15000,0,15000000,15000,2170260,7258491,94494,15533491,,,,
1415062396.16349,pg_toast,pg_toast_2964,0,0,0,0,0,0,0,0,0,0,0,0,0,0,,,,
1415062396.16349,pg_catalog,pg_database,1678,6628,29090,29088,1,0,0,0,1,0,666,30101,4067,40527,,,,
1415062396.16349,information_schema,sql_parts,0,0,,,0,0,0,0,0,0,0,0,,,0,0,0,0
1415062396.16349,public,customer,14,15000000,89,1473127,1500000,0,0,0,1500000,0,196675,704408,4461,252,,,,
1415062396.16349,pg_toast,pg_toast_2620,0,0,0,0,0,0,0,0,0,0,0,0,0,0,,,,
1415062396.16349,pg_toast,pg_toast_11737,0,0,0,0,0,0,0,0,0,0,0,0,0,0,,,,
1415062396.16349,pg_catalog,pg_depend,0,0,5963,6378,1126,0,1036,0,6685,1037,774,7199,1384,15675,,,,
1415062396.16349,pg_catalog,pg_language,0,0,0,0,0,0,0,0,0,0,0,0,0,0,,,,
1415062396.16349,information_schema,sql_implementation_info,0,0,,,0,0,0,0,0,0,0,0,,,0,0,0,0
1415062396.16349,public,time_statistics,26,400,,,30,26,0,26,30,26,4,78,,,,,,
1415062396.16349,pg_catalog,pg_amproc,104,208,26301,40877,0,0,0,0,0,0,1048,25106,2910,56909,,,,
1415062396.16349,pg_catalog,pg_collation,0,0,0,0,0,0,0,0,0,0,0,0,0,0,,,,
1415062396.16349,pg_catalog,pg_range,0,0,1014,0,0,0,0,0,0,0,0,0,1270,758,,,,
1415062396.16349,pg_toast,pg_toast_2609,0,0,0,0,0,0,0,0,0,0,0,0,0,0,,,,
1415062396.16349,pg_catalog,pg_opclass,104,104,33844,385449,0,0,0,0,0,0,2229,148315,3177,41139,,,,
1415062396.16349,pg_toast,pg_toast_11752,0,0,0,0,0,0,0,0,0,0,0,0,0,0,,,,
1415062396.16349,pg_catalog,pg_rewrite,0,0,4348,4132,72,0,72,0,110,72,1192,3342,580,6860,1033,2351,758,8234
1415062396.16349,pg_toast,pg_toast_1255,0,0,0,0,0,0,0,0,0,0,0,0,0,0,,,,
1415062396.16349,pg_catalog,pg_seclabel,0,0,601,0,0,0,0,0,0,0,0,0,60,541,0,0,0,0
1415062396.16349,information_schema,sql_languages,0,0,,,0,0,0,0,0,0,0,0,,,0,0,0,0
1415062396.16349,pg_catalog,pg_ts_parser,0,0,0,0,0,0,0,0,0,0,0,0,0,0,,,,
1415062396.16349,pg_catalog,pg_trigger,0,0,0,0,0,0,0,0,0,0,0,0,0,0,0,0,0,0
1415062396.16349,pg_catalog,pg_shseclabel,0,0,0,0,0,0,0,0,0,0,0,0,0,0,,,,
1415062396.16349,pg_catalog,pg_event_trigger,0,0,300,0,0,0,0,0,0,0,0,0,60,240,,,,
1415062396.16349,pg_toast,pg_toast_11742,0,0,0,0,0,0,0,0,0,0,0,0,0,0,,,,
1415062396.16349,pg_catalog,pg_foreign_table,0,0,0,0,0,0,0,0,0,0,0,0,0,0,,,,
1415062396.16349,information_schema,sql_sizing_profiles,0,0,,,0,0,0,0,0,0,0,0,,,0,0,0,0
1415062396.16349,pg_catalog,pg_extension,0,0,0,0,0,0,0,0,0,0,0,0,0,0,,,,
1415062396.16349,public,part,10,16000000,84,4347870,2000000,0,0,0,2000000,0,223195,410334,13255,770,,,,
1415062396.16349,pg_catalog,pg_ts_config,0,0,0,0,0,0,0,0,0,0,0,0,0,0,,,,
1415062396.16349,pg_catalog,pg_shdescription,0,0,0,0,0,0,0,0,0,0,0,0,0,0,0,0,0,0
1415062396.16349,pg_catalog,pg_cast,0,0,176937,47297,0,0,0,0,0,0,1349,45948,1535,181903,,,,
1415062396.16349,pg_catalog,pg_amop,0,0,53709,74800,0,0,0,0,0,0,2850,71950,4734,111511,,,,
1415062396.16349,pg_catalog,pg_user_mapping,0,0,0,0,0,0,0,0,0,0,0,0,0,0,,,,
1415062396.16349,pg_catalog,pg_type,0,0,144145,143089,292,0,273,0,360,29,3334,141002,3930,293469,,,,
1415062396.16349,pg_catalog,pg_largeobject,0,0,0,0,0,0,0,0,0,0,0,0,0,0,,,,
1415062396.16349,pg_catalog,pg_ts_config_map,0,0,0,0,0,0,0,0,0,0,0,0,0,0,,,,
1415062396.16349,pg_catalog,pg_largeobject_metadata,0,0,0,0,0,0,0,0,0,0,0,0,0,0,,,,
1415062396.16349,pg_catalog,pg_am,7339,7339,0,0,0,0,0,0,0,0,910,6429,0,0,,,,
1415062396.16349,pg_toast,pg_toast_11722,0,0,0,0,0,0,0,0,0,0,0,0,0,0,,,,
1415062396.16349,pg_catalog,pg_ts_template,0,0,0,0,0,0,0,0,0,0,0,0,0,0,,,,
1415062396.16349,public,lineitem,18,840102813,4190507,96112921,60045669,0,60340,0,59984956,60340,18990499,24741958,1115320,17382632,,,,
1415062396.16349,pg_catalog,pg_foreign_server,0,0,0,0,0,0,0,0,0,0,0,0,0,0,,,,
1415062396.16349,pg_catalog,pg_namespace,1446,14154,53981,47329,8,0,0,0,8,0,791,48005,1949,60047,,,,
1415062396.16349,pg_toast,pg_toast_2619,0,0,5336,17137,551,0,300,0,261,12,1955,6777,392,7215,,,,
1415062396.16349,public,region,6470,32315,20,20,5,0,0,0,5,0,5,6480,10,18,,,,
1415062396.16349,pg_catalog,pg_authid,584,584,13360,13360,0,0,0,0,0,0,777,13167,3128,23592,,,,
1415062396.16349,pg_catalog,pg_default_acl,0,0,592,0,0,0,0,0,0,0,0,0,57,535,,,,
1415062396.16349,pg_catalog,pg_shdepend,0,0,759,157,0,0,0,0,0,0,60,97,241,806,,,,
1415062396.16349,pg_catalog,pg_constraint,0,0,56,24,32,0,24,0,10,24,18,161,32,304,0,0,0,0
1415062396.16349,pg_catalog,pg_index,3145,394796,62844,89039,122,0,94,0,143,1,3394,77682,3374,71636,,,,
1415062396.16349,pg_catalog,pg_ts_dict,0,0,0,0,0,0,0,0,0,0,0,0,0,0,,,,
1415062396.16349,pg_toast,pg_toast_2604,0,0,0,0,0,0,0,0,0,0,0,0,0,0,,,,
1415062396.16349,pg_toast,pg_toast_11732,0,0,0,0,0,0,0,0,0,0,0,0,0,0,,,,
1415062396.16349,pg_catalog,pg_proc,0,0,74135,108586,0,0,0,0,0,0,9954,76637,8676,152332,0,0,0,0
1415062456.16748,pg_catalog,pg_attrdef,0,0,0,0,0,0,0,0,0,0,0,0,0,0,0,0,0,0
1415062456.16748,pg_catalog,pg_db_role_setting,0,0,31704,0,0,0,0,0,0,0,0,0,970,30734,0,0,0,0
1415062456.16748,pg_catalog,pg_rowsecurity,0,0,0,0,0,0,0,0,0,0,0,0,0,0,,,,
1415062456.16748,pg_catalog,pg_description,0,0,621,0,0,0,0,0,0,0,0,0,187,1198,0,0,0,0
1415062456.16748,pg_catalog,pg_foreign_data_wrapper,0,0,0,0,0,0,0,0,0,0,0,0,0,0,,,,
1415062456.16748,pg_catalog,pg_conversion,0,0,0,0,0,0,0,0,0,0,0,0,0,0,,,,
1415062456.16748,information_schema,sql_features,0,0,,,0,0,0,0,0,0,0,0,,,0,0,0,0
1415062456.16748,pg_catalog,pg_class,6175,1694572,271201,258656,276,92,238,87,337,14,7560,312729,8145,553213,,,,
1415062456.16748,pg_catalog,pg_opfamily,0,0,0,0,0,0,0,0,0,0,0,0,0,0,,,,
1415062456.16748,pg_catalog,pg_auth_members,0,0,0,0,0,0,0,0,0,0,0,0,0,0,,,,
1415062456.16748,pg_catalog,pg_operator,0,0,42836,186626,0,0,0,0,0,0,9057,123803,6155,89821,,,,
1415062456.16748,information_schema,sql_packages,0,0,,,0,0,0,0,0,0,0,0,,,0,0,0,0
1415062456.16748,pg_catalog,pg_attribute,583,3975,183662,357196,1134,40,956,17,2514,332,10104,197468,4975,375899,,,,
1415062456.16748,pg_catalog,pg_tablespace,2,4,5493,5493,0,0,0,0,0,0,779,4716,1570,9440,,,,
1415062456.16748,public,partsupp,16,48000000,56722,2346942,8000000,0,0,0,8000000,0,1016756,3055624,38822,138160,,,,
1415062456.16748,pg_catalog,pg_statistic,0,0,36947,33013,275,584,209,287,467,74,4949,30379,2559,78093,2040,8173,393,9303
1415062456.16748,pg_catalog,pg_aggregate,0,0,2853,2853,0,0,0,0,0,0,744,2109,1498,3598,,,,
1415062456.16748,pg_catalog,pg_inherits,0,0,143,0,0,0,0,0,0,0,0,0,63,80,,,,
1415062456.16748,information_schema,sql_sizing,0,0,,,0,0,0,0,0,0,0,0,,,0,0,0,0
1415062456.16748,pg_catalog,pg_enum,0,0,0,0,0,0,0,0,0,0,0,0,0,0,,,,
1415062456.16748,pg_toast,pg_toast_2396,0,0,0,0,0,0,0,0,0,0,0,0,0,0,,,,
1415062456.16748,pg_catalog,pg_pltemplate,0,0,0,0,0,0,0,0,0,0,0,0,0,0,,,,
1415062456.16748,pg_toast,pg_toast_2618,0,0,2809,8984,0,0,0,0,0,0,1038,2352,379,4125,,,,
1415062456.16748,public,nation,73,450,26115,26187,25,0,0,0,25,0,7,26128,16,26159,,,,
1415062456.16748,pg_toast,pg_toast_3596,0,0,0,0,0,0,0,0,0,0,0,0,0,0,,,,
1415062456.16748,public,supplier,25,900000,3327696,3413603,100000,0,0,0,100000,0,13541,3355719,1093,6672980,,,,
1415062456.16748,pg_toast,pg_toast_11747,0,0,0,0,0,0,0,0,0,0,0,0,0,0,,,,
1415062456.16748,pg_toast,pg_toast_11727,0,0,0,0,0,0,0,0,0,0,0,0,0,0,,,,
1415062456.16748,pg_toast,pg_toast_2606,0,0,0,0,0,0,0,0,0,0,0,0,0,0,,,,
1415062456.16748,public,orders,42,180120000,8635541,17174466,15030000,0,30000,0,15000000,30000,2913904,10946602,202618,26046093,,,,
1415062456.16748,pg_toast,pg_toast_2964,0,0,0,0,0,0,0,0,0,0,0,0,0,0,,,,
1415062456.16748,pg_catalog,pg_database,1682,6638,29601,29599,1,0,0,0,1,0,666,30616,4071,41369,,,,
1415062456.16748,information_schema,sql_parts,0,0,,,0,0,0,0,0,0,0,0,,,0,0,0,0
1415062456.16748,public,customer,31,16500000,224,2372014,1500000,0,0,0,1500000,0,267228,1104986,6950,794,,,,
1415062456.16748,pg_toast,pg_toast_2620,0,0,0,0,0,0,0,0,0,0,0,0,0,0,,,,
1415062456.16748,pg_toast,pg_toast_11737,0,0,0,0,0,0,0,0,0,0,0,0,0,0,,,,
1415062456.16748,pg_catalog,pg_depend,0,0,6168,6610,1166,0,1076,0,6685,1077,843,7454,1413,16228,,,,
1415062456.16748,pg_catalog,pg_language,0,0,0,0,0,0,0,0,0,0,0,0,0,0,,,,
1415062456.16748,information_schema,sql_implementation_info,0,0,,,0,0,0,0,0,0,0,0,,,0,0,0,0
1415062456.16748,public,time_statistics,43,1180,,,55,43,0,43,55,43,4,138,,,,,,
1415062456.16748,pg_catalog,pg_amproc,106,212,27117,42185,0,0,0,0,0,0,1050,25920,2910,58691,,,,
1415062456.16748,pg_catalog,pg_collation,0,0,0,0,0,0,0,0,0,0,0,0,0,0,,,,
1415062456.16748,pg_catalog,pg_range,0,0,1035,0,0,0,0,0,0,0,0,0,1272,798,,,,
1415062456.16748,pg_toast,pg_toast_2609,0,0,0,0,0,0,0,0,0,0,0,0,0,0,,,,
1415062456.16748,pg_catalog,pg_opclass,106,106,35152,401210,0,0,0,0,0,0,2229,154581,3178,42683,,,,
1415062456.16748,pg_toast,pg_toast_11752,0,0,0,0,0,0,0,0,0,0,0,0,0,0,,,,
1415062456.16748,pg_catalog,pg_rewrite,0,0,4379,4151,76,0,76,0,110,0,1234,3445,584,6910,1038,2352,758,8250
1415062456.16748,pg_toast,pg_toast_1255,0,0,0,0,0,0,0,0,0,0,0,0,0,0,,,,
1415062456.16748,pg_catalog,pg_seclabel,0,0,621,0,0,0,0,0,0,0,0,0,62,559,0,0,0,0
1415062456.16748,information_schema,sql_languages,0,0,,,0,0,0,0,0,0,0,0,,,0,0,0,0
1415062456.16748,pg_catalog,pg_ts_parser,0,0,0,0,0,0,0,0,0,0,0,0,0,0,,,,
1415062456.16748,pg_catalog,pg_trigger,0,0,0,0,0,0,0,0,0,0,0,0,0,0,0,0,0,0
1415062456.16748,pg_catalog,pg_shseclabel,0,0,0,0,0,0,0,0,0,0,0,0,0,0,,,,
1415062456.16748,pg_catalog,pg_event_trigger,0,0,305,0,0,0,0,0,0,0,0,0,61,244,,,,
1415062456.16748,pg_toast,pg_toast_11742,0,0,0,0,0,0,0,0,0,0,0,0,0,0,,,,
1415062456.16748,pg_catalog,pg_foreign_table,0,0,0,0,0,0,0,0,0,0,0,0,0,0,,,,
1415062456.16748,information_schema,sql_sizing_profiles,0,0,,,0,0,0,0,0,0,0,0,,,0,0,0,0
1415062456.16748,pg_catalog,pg_extension,0,0,0,0,0,0,0,0,0,0,0,0,0,0,,,,
1415062456.16748,public,part,19,18000000,221,4696609,2000000,0,0,0,2000000,0,327071,412386,15552,1825,,,,
1415062456.16748,pg_catalog,pg_ts_config,0,0,0,0,0,0,0,0,0,0,0,0,0,0,,,,
1415062456.16748,pg_catalog,pg_shdescription,0,0,0,0,0,0,0,0,0,0,0,0,0,0,0,0,0,0
1415062456.16748,pg_catalog,pg_cast,0,0,182979,48880,0,0,0,0,0,0,1349,47531,1535,188091,,,,
1415062456.16748,pg_catalog,pg_amop,0,0,55780,77720,0,0,0,0,0,0,2850,74870,4736,115874,,,,
1415062456.16748,pg_catalog,pg_user_mapping,0,0,0,0,0,0,0,0,0,0,0,0,0,0,,,,
1415062456.16748,pg_catalog,pg_type,0,0,147775,146675,302,0,283,0,360,39,3341,144618,3935,300980,,,,
1415062456.16748,pg_catalog,pg_largeobject,0,0,0,0,0,0,0,0,0,0,0,0,0,0,,,,
1415062456.16748,pg_catalog,pg_ts_config_map,0,0,0,0,0,0,0,0,0,0,0,0,0,0,,,,
1415062456.16748,pg_catalog,pg_largeobject_metadata,0,0,0,0,0,0,0,0,0,0,0,0,0,0,,,,
1415062456.16748,pg_catalog,pg_am,7490,7490,0,0,0,0,0,0,0,0,910,6580,0,0,,,,
1415062456.16748,pg_toast,pg_toast_11722,0,0,0,0,0,0,0,0,0,0,0,0,0,0,,,,
1415062456.16748,pg_catalog,pg_ts_template,0,0,0,0,0,0,0,0,0,0,0,0,0,0,,,,
1415062456.16748,public,lineitem,35,900148416,8619174,214195102,60105943,0,120391,0,59985179,120391,23529853,32170054,1934158,36036176,,,,
1415062456.16748,pg_catalog,pg_foreign_server,0,0,0,0,0,0,0,0,0,0,0,0,0,0,,,,
1415062456.16748,pg_catalog,pg_namespace,1448,14182,54529,47726,10,0,0,0,10,0,794,48406,1952,60751,,,,
1415062456.16748,pg_toast,pg_toast_2619,0,0,6321,20523,557,0,306,0,261,18,2040,8173,393,9303,,,,
1415062456.16748,public,region,6487,32330,54,54,5,0,0,0,5,0,5,6517,10,65,,,,
1415062456.16748,pg_catalog,pg_authid,587,587,13693,13693,0,0,0,0,0,0,778,13502,3132,24254,,,,
1415062456.16748,pg_catalog,pg_default_acl,0,0,612,0,0,0,0,0,0,0,0,0,58,554,,,,
1415062456.16748,pg_catalog,pg_shdepend,0,0,786,164,0,0,0,0,0,0,61,103,247,837,,,,
1415062456.16748,pg_catalog,pg_constraint,0,0,56,24,32,0,24,0,10,24,18,161,32,304,0,0,0,0
1415062456.16748,pg_catalog,pg_index,3157,395518,65136,92417,123,0,95,0,143,2,3397,80624,3375,74184,,,,
1415062456.16748,pg_catalog,pg_ts_dict,0,0,0,0,0,0,0,0,0,0,0,0,0,0,,,,
1415062456.16748,pg_toast,pg_toast_2604,0,0,0,0,0,0,0,0,0,0,0,0,0,0,,,,
1415062456.16748,pg_toast,pg_toast_11732,0,0,0,0,0,0,0,0,0,0,0,0,0,0,,,,
1415062456.16748,pg_catalog,pg_proc,0,0,75769,111134,0,0,0,0,0,0,9977,78340,8683,155885,0,0,0,0
1415062516.16955,pg_catalog,pg_attrdef,0,0,0,0,0,0,0,0,0,0,0,0,0,0,0,0,0,0
1415062516.16955,pg_catalog,pg_db_role_setting,0,0,31864,0,0,0,0,0,0,0,0,0,970,30894,0,0,0,0
1415062516.16955,pg_catalog,pg_rowsecurity,0,0,0,0,0,0,0,0,0,0,0,0,0,0,,,,
1415062516.16955,pg_catalog,pg_description,0,0,629,0,0,0,0,0,0,0,0,0,190,1213,0,0,0,0
1415062516.16955,pg_catalog,pg_foreign_data_wrapper,0,0,0,0,0,0,0,0,0,0,0,0,0,0,,,,
1415062516.16955,pg_catalog,pg_conversion,0,0,0,0,0,0,0,0,0,0,0,0,0,0,,,,
1415062516.16955,information_schema,sql_features,0,0,,,0,0,0,0,0,0,0,0,,,0,0,0,0
1415062516.16955,pg_catalog,pg_class,6196,1697633,272113,259512,279,93,241,88,337,18,7569,313740,8152,555132,,,,
1415062516.16955,pg_catalog,pg_opfamily,0,0,0,0,0,0,0,0,0,0,0,0,0,0,,,,
1415062516.16955,pg_catalog,pg_auth_members,0,0,0,0,0,0,0,0,0,0,0,0,0,0,,,,
1415062516.16955,pg_catalog,pg_operator,0,0,43039,187940,0,0,0,0,0,0,9057,124689,6158,90273,,,,
1415062516.16955,information_schema,sql_packages,0,0,,,0,0,0,0,0,0,0,0,,,0,0,0,0
1415062516.16955,pg_catalog,pg_attribute,594,4050,184360,358829,1144,40,966,17,2514,342,10142,198352,4983,377373,,,,
1415062516.16955,pg_catalog,pg_tablespace,2,4,5517,5517,0,0,0,0,0,0,779,4740,1570,9488,,,,
1415062516.16955,public,partsupp,16,48000000,56722,2346942,8000000,0,0,0,8000000,0,1016756,3055624,38822,138160,,,,
1415062516.16955,pg_catalog,pg_statistic,0,0,37101,33159,276,614,210,315,467,99,4970,30546,2562,78429,2083,8245,396,9466
1415062516.16955,pg_catalog,pg_aggregate,0,0,2863,2863,0,0,0,0,0,0,744,2119,1499,3615,,,,
1415062516.16955,pg_catalog,pg_inherits,0,0,145,0,0,0,0,0,0,0,0,0,64,81,,,,
1415062516.16955,information_schema,sql_sizing,0,0,,,0,0,0,0,0,0,0,0,,,0,0,0,0
1415062516.16955,pg_catalog,pg_enum,0,0,0,0,0,0,0,0,0,0,0,0,0,0,,,,
1415062516.16955,pg_toast,pg_toast_2396,0,0,0,0,0,0,0,0,0,0,0,0,0,0,,,,
1415062516.16955,pg_catalog,pg_pltemplate,0,0,0,0,0,0,0,0,0,0,0,0,0,0,,,,
1415062516.16955,pg_toast,pg_toast_2618,0,0,2814,9000,0,0,0,0,0,0,1043,2353,381,4131,,,,
1415062516.16955,public,nation,75,500,26123,26195,25,0,0,0,25,0,8,26137,18,26166,,,,
1415062516.16955,pg_toast,pg_toast_3596,0,0,0,0,0,0,0,0,0,0,0,0,0,0,,,,
1415062516.16955,public,supplier,26,1000000,3327701,3423521,100000,0,0,0,100000,0,15718,3355974,1102,6673014,,,,
1415062516.16955,pg_toast,pg_toast_11747,0,0,0,0,0,0,0,0,0,0,0,0,0,0,,,,
1415062516.16955,pg_toast,pg_toast_11727,0,0,0,0,0,0,0,0,0,0,0,0,0,0,,,,
1415062516.16955,pg_toast,pg_toast_2606,0,0,0,0,0,0,0,0,0,0,0,0,0,0,,,,
1415062516.16955,public,orders,46,240165000,8635549,17174474,15060000,0,45000,0,15015000,45000,3132228,11760514,208222,26311524,,,,
1415062516.16955,pg_toast,pg_toast_2964,0,0,0,0,0,0,0,0,0,0,0,0,0,0,,,,
1415062516.16955,pg_catalog,pg_database,1685,6650,29733,29731,1,0,0,0,1,0,666,30751,4071,41581,,,,
1415062516.16955,information_schema,sql_parts,0,0,,,0,0,0,0,0,0,0,0,,,0,0,0,0
1415062516.16955,public,customer,32,18000000,233,2672298,1500000,0,0,0,1500000,0,337779,1104998,8118,814,,,,
1415062516.16955,pg_toast,pg_toast_2620,0,0,0,0,0,0,0,0,0,0,0,0,0,0,,,,
1415062516.16955,pg_toast,pg_toast_11737,0,0,0,0,0,0,0,0,0,0,0,0,0,0,,,,
1415062516.16955,pg_catalog,pg_depend,0,0,6243,6686,1179,0,1089,0,6685,1090,855,7535,1441,16406,,,,
1415062516.16955,pg_catalog,pg_language,0,0,0,0,0,0,0,0,0,0,0,0,0,0,,,,
1415062516.16955,information_schema,sql_implementation_info,0,0,,,0,0,0,0,0,0,0,0,,,0,0,0,0
1415062516.16955,public,time_statistics,54,1839,,,66,54,0,54,66,54,4,171,,,,,,
1415062516.16955,pg_catalog,pg_amproc,108,216,27252,42397,0,0,0,0,0,0,1052,26054,2910,59000,,,,
1415062516.16955,pg_catalog,pg_collation,0,0,0,0,0,0,0,0,0,0,0,0,0,0,,,,
1415062516.16955,pg_catalog,pg_range,0,0,1046,0,0,0,0,0,0,0,0,0,1276,816,,,,
1415062516.16955,pg_toast,pg_toast_2609,0,0,0,0,0,0,0,0,0,0,0,0,0,0,,,,
1415062516.16955,pg_catalog,pg_opclass,108,108,35311,402786,0,0,0,0,0,0,2229,155186,3181,42888,,,,
1415062516.16955,pg_toast,pg_toast_11752,0,0,0,0,0,0,0,0,0,0,0,0,0,0,,,,
1415062516.16955,pg_catalog,pg_rewrite,0,0,4392,4161,77,0,77,0,110,1,1245,3451,590,6926,1043,2353,762,8262
1415062516.16955,pg_toast,pg_toast_1255,0,0,0,0,0,0,0,0,0,0,0,0,0,0,,,,
1415062516.16955,pg_catalog,pg_seclabel,0,0,629,0,0,0,0,0,0,0,0,0,63,566,0,0,0,0
1415062516.16955,information_schema,sql_languages,0,0,,,0,0,0,0,0,0,0,0,,,0,0,0,0
1415062516.16955,pg_catalog,pg_ts_parser,0,0,0,0,0,0,0,0,0,0,0,0,0,0,,,,
1415062516.16955,pg_catalog,pg_trigger,0,0,0,0,0,0,0,0,0,0,0,0,0,0,0,0,0,0
1415062516.16955,pg_catalog,pg_shseclabel,0,0,0,0,0,0,0,0,0,0,0,0,0,0,,,,
1415062516.16955,pg_catalog,pg_event_trigger,0,0,307,0,0,0,0,0,0,0,0,0,62,245,,,,
1415062516.16955,pg_toast,pg_toast_11742,0,0,0,0,0,0,0,0,0,0,0,0,0,0,,,,
1415062516.16955,pg_catalog,pg_foreign_table,0,0,0,0,0,0,0,0,0,0,0,0,0,0,,,,
1415062516.16955,information_schema,sql_sizing_profiles,0,0,,,0,0,0,0,0,0,0,0,,,0,0,0,0
1415062516.16955,pg_catalog,pg_extension,0,0,0,0,0,0,0,0,0,0,0,0,0,0,,,,
1415062516.16955,public,part,20,20000000,242,4709047,2000000,0,0,0,2000000,0,338188,452914,16844,2402,,,,
1415062516.16955,pg_catalog,pg_ts_config,0,0,0,0,0,0,0,0,0,0,0,0,0,0,,,,
1415062516.16955,pg_catalog,pg_shdescription,0,0,0,0,0,0,0,0,0,0,0,0,0,0,0,0,0,0
1415062516.16955,pg_catalog,pg_cast,0,0,184160,49119,0,0,0,0,0,0,1350,47769,1535,189308,,,,
1415062516.16955,pg_catalog,pg_amop,0,0,55995,78048,0,0,0,0,0,0,2850,75198,4739,116338,,,,
1415062516.16955,pg_catalog,pg_user_mapping,0,0,0,0,0,0,0,0,0,0,0,0,0,0,,,,
1415062516.16955,pg_catalog,pg_type,0,0,148679,147568,306,0,287,0,360,43,3354,145525,3945,302841,,,,
1415062516.16955,pg_catalog,pg_largeobject,0,0,0,0,0,0,0,0,0,0,0,0,0,0,,,,
1415062516.16955,pg_catalog,pg_ts_config_map,0,0,0,0,0,0,0,0,0,0,0,0,0,0,,,,
1415062516.16955,pg_catalog,pg_largeobject_metadata,0,0,0,0,0,0,0,0,0,0,0,0,0,0,,,,
1415062516.16955,pg_catalog,pg_am,7530,7530,0,0,0,0,0,0,0,0,910,6620,0,0,,,,
1415062516.16955,pg_toast,pg_toast_11722,0,0,0,0,0,0,0,0,0,0,0,0,0,0,,,,
1415062516.16955,pg_catalog,pg_ts_template,0,0,0,0,0,0,0,0,0,0,0,0,0,0,,,,
1415062516.16955,public,lineitem,37,1020239398,9833485,228178040,60225420,0,180117,0,60044930,180117,26202076,35003329,2418098,43299811,,,,
1415062516.16955,pg_catalog,pg_foreign_server,0,0,0,0,0,0,0,0,0,0,0,0,0,0,,,,
1415062516.16955,pg_catalog,pg_namespace,1450,14214,54784,47943,10,0,0,0,10,0,794,48625,1956,61044,,,,
1415062516.16955,pg_toast,pg_toast_2619,0,0,6394,20745,561,0,310,0,261,22,2083,8245,396,9466,,,,
1415062516.16955,public,region,6487,32330,54,54,5,0,0,0,5,0,5,6517,10,65,,,,
1415062516.16955,pg_catalog,pg_authid,588,588,13770,13770,0,0,0,0,0,0,778,13580,3132,24408,,,,
1415062516.16955,pg_catalog,pg_default_acl,0,0,620,0,0,0,0,0,0,0,0,0,59,561,,,,
1415062516.16955,pg_catalog,pg_shdepend,0,0,796,166,0,0,0,0,0,0,62,104,251,847,,,,
1415062516.16955,pg_catalog,pg_constraint,0,0,56,24,32,0,24,0,10,24,18,161,32,304,0,0,0,0
1415062516.16955,pg_catalog,pg_index,3169,396240,65478,92891,124,0,96,0,143,3,3401,81092,3376,74582,,,,
1415062516.16955,pg_catalog,pg_ts_dict,0,0,0,0,0,0,0,0,0,0,0,0,0,0,,,,
1415062516.16955,pg_toast,pg_toast_2604,0,0,0,0,0,0,0,0,0,0,0,0,0,0,,,,
1415062516.16955,pg_toast,pg_toast_11732,0,0,0,0,0,0,0,0,0,0,0,0,0,0,,,,
1415062516.16955,pg_catalog,pg_proc,0,0,76051,111533,0,0,0,0,0,0,10006,78618,8693,156512,0,0,0,0
1415062576.17522,pg_catalog,pg_attrdef,0,0,0,0,0,0,0,0,0,0,0,0,0,0,0,0,0,0
1415062576.17522,pg_catalog,pg_db_role_setting,0,0,32056,0,0,0,0,0,0,0,0,0,971,31085,0,0,0,0
1415062576.17522,pg_catalog,pg_rowsecurity,0,0,0,0,0,0,0,0,0,0,0,0,0,0,,,,
1415062576.17522,pg_catalog,pg_description,0,0,641,0,0,0,0,0,0,0,0,0,197,1233,0,0,0,0
1415062576.17522,pg_catalog,pg_foreign_data_wrapper,0,0,0,0,0,0,0,0,0,0,0,0,0,0,,,,
1415062576.17522,pg_catalog,pg_conversion,0,0,0,0,0,0,0,0,0,0,0,0,0,0,,,,
1415062576.17522,information_schema,sql_features,0,0,,,0,0,0,0,0,0,0,0,,,0,0,0,0
1415062576.17522,pg_catalog,pg_class,6206,1700683,273154,260467,284,94,246,89,337,23,7593,314810,8173,557323,,,,
1415062576.17522,pg_catalog,pg_opfamily,0,0,0,0,0,0,0,0,0,0,0,0,0,0,,,,
1415062576.17522,pg_catalog,pg_auth_members,0,0,0,0,0,0,0,0,0,0,0,0,0,0,,,,
1415062576.17522,pg_catalog,pg_operator,0,0,43292,189770,0,0,0,0,0,0,9077,125892,6174,90829,,,,
1415062576.17522,information_schema,sql_packages,0,0,,,0,0,0,0,0,0,0,0,,,0,0,0,0
1415062576.17522,pg_catalog,pg_attribute,594,4050,185128,360525,1162,40,984,17,2514,359,10198,199158,5001,379016,,,,
1415062576.17522,pg_catalog,pg_tablespace,2,4,5549,5549,0,0,0,0,0,0,781,4770,1574,9548,,,,
1415062576.17522,public,partsupp,17,56000000,91002,4604278,8000000,0,0,0,8000000,0,1484181,4998210,63218,223049,,,,
1415062576.17522,pg_catalog,pg_statistic,0,0,37298,33347,278,617,212,317,467,101,5007,30715,2568,78856,2178,8345,405,9732
1415062576.17522,pg_catalog,pg_aggregate,0,0,2878,2878,0,0,0,0,0,0,749,2129,1510,3630,,,,
1415062576.17522,pg_catalog,pg_inherits,0,0,148,0,0,0,0,0,0,0,0,0,67,81,,,,
1415062576.17522,information_schema,sql_sizing,0,0,,,0,0,0,0,0,0,0,0,,,0,0,0,0
1415062576.17522,pg_catalog,pg_enum,0,0,0,0,0,0,0,0,0,0,0,0,0,0,,,,
1415062576.17522,pg_toast,pg_toast_2396,0,0,0,0,0,0,0,0,0,0,0,0,0,0,,,,
1415062576.17522,pg_catalog,pg_pltemplate,0,0,0,0,0,0,0,0,0,0,0,0,0,0,,,,
1415062576.17522,pg_toast,pg_toast_2618,0,0,2819,9016,0,0,0,0,0,0,1048,2354,383,4137,,,,
1415062576.17522,public,nation,81,650,51532,51628,25,0,0,0,25,0,9,51551,22,51576,,,,
1415062576.17522,pg_toast,pg_toast_3596,0,0,0,0,0,0,0,0,0,0,0,0,0,0,,,,
1415062576.17522,public,supplier,29,1200000,6638538,6792127,100000,0,0,0,100000,0,15750,6676073,1396,13312509,,,,
1415062576.17522,pg_toast,pg_toast_11747,0,0,0,0,0,0,0,0,0,0,0,0,0,0,,,,
1415062576.17522,pg_toast,pg_toast_11727,0,0,0,0,0,0,0,0,0,0,0,0,0,0,,,,
1415062576.17522,pg_toast,pg_toast_2606,0,0,0,0,0,0,0,0,0,0,0,0,0,0,,,,
1415062576.17522,public,orders,49,285210000,12298465,23411291,15075000,0,75000,0,15000000,75000,4202491,15350592,242476,37428800,,,,
1415062576.17522,pg_toast,pg_toast_2964,0,0,0,0,0,0,0,0,0,0,0,0,0,0,,,,
1415062576.17522,pg_catalog,pg_database,1688,6662,29889,29887,1,0,0,0,1,0,667,30909,4075,41829,,,,
1415062576.17522,information_schema,sql_parts,0,0,,,0,0,0,0,0,0,0,0,,,0,0,0,0
1415062576.17522,public,customer,33,19500000,255,3273543,1500000,0,0,0,1500000,0,443593,1325210,9810,846,,,,
1415062576.17522,pg_toast,pg_toast_2620,0,0,0,0,0,0,0,0,0,0,0,0,0,0,,,,
1415062576.17522,pg_toast,pg_toast_11737,0,0,0,0,0,0,0,0,0,0,0,0,0,0,,,,
1415062576.17522,pg_catalog,pg_depend,0,0,6349,6786,1196,0,1106,0,6685,1107,874,7643,1488,16645,,,,
1415062576.17522,pg_catalog,pg_language,0,0,0,0,0,0,0,0,0,0,0,0,0,0,,,,
1415062576.17522,information_schema,sql_implementation_info,0,0,,,0,0,0,0,0,0,0,0,,,0,0,0,0
1415062576.17522,public,time_statistics,69,2932,,,79,69,0,69,79,27,6,213,,,,,,
1415062576.17522,pg_catalog,pg_amproc,108,216,27412,42643,0,0,0,0,0,0,1053,26207,2913,59362,,,,
1415062576.17522,pg_catalog,pg_collation,0,0,0,0,0,0,0,0,0,0,0,0,0,0,,,,
1415062576.17522,pg_catalog,pg_range,0,0,1062,0,0,0,0,0,0,0,0,0,1282,842,,,,
1415062576.17522,pg_toast,pg_toast_2609,0,0,0,0,0,0,0,0,0,0,0,0,0,0,,,,
1415062576.17522,pg_catalog,pg_opclass,108,108,35503,404780,0,0,0,0,0,0,2233,155974,3190,43131,,,,
1415062576.17522,pg_toast,pg_toast_11752,0,0,0,0,0,0,0,0,0,0,0,0,0,0,,,,
1415062576.17522,pg_catalog,pg_rewrite,0,0,4405,4171,78,0,78,0,110,2,1256,3466,598,6940,1048,2354,766,8274
1415062576.17522,pg_toast,pg_toast_1255,0,0,0,0,0,0,0,0,0,0,0,0,0,0,,,,
1415062576.17522,pg_catalog,pg_seclabel,0,0,641,0,0,0,0,0,0,0,0,0,65,576,0,0,0,0
1415062576.17522,information_schema,sql_languages,0,0,,,0,0,0,0,0,0,0,0,,,0,0,0,0
1415062576.17522,pg_catalog,pg_ts_parser,0,0,0,0,0,0,0,0,0,0,0,0,0,0,,,,
1415062576.17522,pg_catalog,pg_trigger,0,0,0,0,0,0,0,0,0,0,0,0,0,0,0,0,0,0
1415062576.17522,pg_catalog,pg_shseclabel,0,0,0,0,0,0,0,0,0,0,0,0,0,0,,,,
1415062576.17522,pg_catalog,pg_event_trigger,0,0,310,0,0,0,0,0,0,0,0,0,64,246,,,,
1415062576.17522,pg_toast,pg_toast_11742,0,0,0,0,0,0,0,0,0,0,0,0,0,0,,,,
1415062576.17522,pg_catalog,pg_foreign_table,0,0,0,0,0,0,0,0,0,0,0,0,0,0,,,,
1415062576.17522,information_schema,sql_sizing_profiles,0,0,,,0,0,0,0,0,0,0,0,,,0,0,0,0
1415062576.17522,pg_catalog,pg_extension,0,0,0,0,0,0,0,0,0,0,0,0,0,0,,,,
1415062576.17522,public,part,21,22000000,260,6722474,2000000,0,0,0,2000000,0,428635,455708,22406,2454,,,,
1415062576.17522,pg_catalog,pg_ts_config,0,0,0,0,0,0,0,0,0,0,0,0,0,0,,,,
1415062576.17522,pg_catalog,pg_shdescription,0,0,0,0,0,0,0,0,0,0,0,0,0,0,0,0,0,0
1415062576.17522,pg_catalog,pg_cast,0,0,185628,49429,0,0,0,0,0,0,1354,48075,1537,190820,,,,
1415062576.17522,pg_catalog,pg_amop,0,0,56260,78456,0,0,0,0,0,0,2857,75599,4751,116905,,,,
1415062576.17522,pg_catalog,pg_user_mapping,0,0,0,0,0,0,0,0,0,0,0,0,0,0,,,,
1415062576.17522,pg_catalog,pg_type,0,0,149905,148779,312,0,293,0,360,49,3370,146743,3973,305347,,,,
1415062576.17522,pg_catalog,pg_largeobject,0,0,0,0,0,0,0,0,0,0,0,0,0,0,,,,
1415062576.17522,pg_catalog,pg_ts_config_map,0,0,0,0,0,0,0,0,0,0,0,0,0,0,,,,
1415062576.17522,pg_catalog,pg_largeobject_metadata,0,0,0,0,0,0,0,0,0,0,0,0,0,0,,,,
1415062576.17522,pg_catalog,pg_am,7577,7577,0,0,0,0,0,0,0,0,911,6666,0,0,,,,
1415062576.17522,pg_toast,pg_toast_11722,0,0,0,0,0,0,0,0,0,0,0,0,0,0,,,,
1415062576.17522,pg_catalog,pg_ts_template,0,0,0,0,0,0,0,0,0,0,0,0,0,0,,,,
1415062576.17522,public,lineitem,42,1320467059,11313881,257579759,60285860,0,299552,0,59985935,299552,31080224,52396408,2935985,50249378,,,,
1415062576.17522,pg_catalog,pg_foreign_server,0,0,0,0,0,0,0,0,0,0,0,0,0,0,,,,
1415062576.17522,pg_catalog,pg_namespace,1452,14246,55069,48181,10,0,0,0,10,0,795,48864,1962,61374,,,,
1415062576.17522,pg_toast,pg_toast_2619,0,0,6520,21154,565,0,314,0,261,26,2178,8345,405,9732,,,,
1415062576.17522,public,region,12836,64070,62,62,5,0,0,0,5,0,7,12871,15,71,,,,
1415062576.17522,pg_catalog,pg_authid,589,589,13863,13863,0,0,0,0,0,0,779,13673,3136,24590,,,,
1415062576.17522,pg_catalog,pg_default_acl,0,0,632,0,0,0,0,0,0,0,0,0,61,571,,,,
1415062576.17522,pg_catalog,pg_shdepend,0,0,811,169,0,0,0,0,0,0,64,105,260,859,,,,
1415062576.17522,pg_catalog,pg_constraint,0,0,56,24,32,0,24,0,10,24,18,161,32,304,0,0,0,0
1415062576.17522,pg_catalog,pg_index,3174,396955,65865,93440,126,0,98,0,143,5,3414,81598,3382,75031,,,,
1415062576.17522,pg_catalog,pg_ts_dict,0,0,0,0,0,0,0,0,0,0,0,0,0,0,,,,
1415062576.17522,pg_toast,pg_toast_2604,0,0,0,0,0,0,0,0,0,0,0,0,0,0,,,,
1415062576.17522,pg_toast,pg_toast_11732,0,0,0,0,0,0,0,0,0,0,0,0,0,0,,,,
1415062576.17522,pg_catalog,pg_proc,0,0,76401,112036,0,0,0,0,0,0,10067,78938,8718,157278,0,0,0,0
1415062636.17728,pg_catalog,pg_attrdef,0,0,0,0,0,0,0,0,0,0,0,0,0,0,0,0,0,0
1415062636.17728,pg_catalog,pg_db_role_setting,0,0,32228,0,0,0,0,0,0,0,0,0,971,31257,0,0,0,0
1415062636.17728,pg_catalog,pg_rowsecurity,0,0,0,0,0,0,0,0,0,0,0,0,0,0,,,,
1415062636.17728,pg_catalog,pg_description,0,0,641,0,0,0,0,0,0,0,0,0,197,1233,0,0,0,0
1415062636.17728,pg_catalog,pg_foreign_data_wrapper,0,0,0,0,0,0,0,0,0,0,0,0,0,0,,,,
1415062636.17728,pg_catalog,pg_conversion,0,0,0,0,0,0,0,0,0,0,0,0,0,0,,,,
1415062636.17728,information_schema,sql_features,0,0,,,0,0,0,0,0,0,0,0,,,0,0,0,0
1415062636.17728,pg_catalog,pg_class,6216,1703733,274116,261359,284,94,246,89,337,23,7607,315799,8181,559329,,,,
1415062636.17728,pg_catalog,pg_opfamily,0,0,0,0,0,0,0,0,0,0,0,0,0,0,,,,
1415062636.17728,pg_catalog,pg_auth_members,0,0,0,0,0,0,0,0,0,0,0,0,0,0,,,,
1415062636.17728,pg_catalog,pg_operator,0,0,43568,191435,0,0,0,0,0,0,9089,127025,6184,91431,,,,
1415062636.17728,information_schema,sql_packages,0,0,,,0,0,0,0,0,0,0,0,,,0,0,0,0
1415062636.17728,pg_catalog,pg_attribute,594,4050,185852,362078,1162,40,984,17,2514,359,10243,199882,5008,380509,,,,
1415062636.17728,pg_catalog,pg_tablespace,2,4,5578,5578,0,0,0,0,0,0,782,4798,1576,9604,,,,
1415062636.17728,public,partsupp,18,64000000,112649,4690812,8000000,0,0,0,8000000,0,1624373,5053040,77205,274371,,,,
1415062636.17728,pg_catalog,pg_statistic,0,0,37501,33544,278,617,212,317,467,99,5041,30878,2572,79287,2267,8448,414,10018
1415062636.17728,pg_catalog,pg_aggregate,0,0,2894,2894,0,0,0,0,0,0,755,2139,1523,3646,,,,
1415062636.17728,pg_catalog,pg_inherits,0,0,148,0,0,0,0,0,0,0,0,0,67,81,,,,
1415062636.17728,information_schema,sql_sizing,0,0,,,0,0,0,0,0,0,0,0,,,0,0,0,0
1415062636.17728,pg_catalog,pg_enum,0,0,0,0,0,0,0,0,0,0,0,0,0,0,,,,
1415062636.17728,pg_toast,pg_toast_2396,0,0,0,0,0,0,0,0,0,0,0,0,0,0,,,,
1415062636.17728,pg_catalog,pg_pltemplate,0,0,0,0,0,0,0,0,0,0,0,0,0,0,,,,
1415062636.17728,pg_toast,pg_toast_2618,0,0,2824,9032,0,0,0,0,0,0,1053,2355,385,4143,,,,
1415062636.17728,public,nation,89,850,51567,51687,25,0,0,0,25,0,12,51591,29,51610,,,,
1415062636.17728,pg_toast,pg_toast_3596,0,0,0,0,0,0,0,0,0,0,0,0,0,0,,,,
1415062636.17728,public,supplier,32,1500000,9933989,10091587,100000,0,0,0,100000,0,15750,9979901,1421,19921345,,,,
1415062636.17728,pg_toast,pg_toast_11747,0,0,0,0,0,0,0,0,0,0,0,0,0,0,,,,
1415062636.17728,pg_toast,pg_toast_11727,0,0,0,0,0,0,0,0,0,0,0,0,0,0,,,,
1415062636.17728,pg_toast,pg_toast_2606,0,0,0,0,0,0,0,0,0,0,0,0,0,0,,,,
1415062636.17728,public,orders,55,375240000,15972958,29083823,15075000,0,75000,0,15000000,75000,5700894,19027340,252860,48467305,,,,
1415062636.17728,pg_toast,pg_toast_2964,0,0,0,0,0,0,0,0,0,0,0,0,0,0,,,,
1415062636.17728,pg_catalog,pg_database,1691,6674,30028,30026,1,0,0,0,1,0,667,31051,4075,42054,,,,
1415062636.17728,information_schema,sql_parts,0,0,,,0,0,0,0,0,0,0,0,,,0,0,0,0
1415062636.17728,public,customer,36,24000000,301,4445211,1500000,0,0,0,1500000,0,549644,1686083,13082,946,,,,
1415062636.17728,pg_toast,pg_toast_2620,0,0,0,0,0,0,0,0,0,0,0,0,0,0,,,,
1415062636.17728,pg_toast,pg_toast_11737,0,0,0,0,0,0,0,0,0,0,0,0,0,0,,,,
1415062636.17728,pg_catalog,pg_depend,0,0,6349,6786,1196,0,1106,0,6685,1107,874,7643,1488,16645,,,,
1415062636.17728,pg_catalog,pg_language,0,0,0,0,0,0,0,0,0,0,0,0,0,0,,,,
1415062636.17728,information_schema,sql_implementation_info,0,0,,,0,0,0,0,0,0,0,0,,,0,0,0,0
1415062636.17728,public,time_statistics,81,3946,,,91,81,0,81,91,6,8,247,,,,,,
1415062636.17728,pg_catalog,pg_amproc,108,216,27574,42892,0,0,0,0,0,0,1053,26363,2913,59730,,,,
1415062636.17728,pg_catalog,pg_collation,0,0,0,0,0,0,0,0,0,0,0,0,0,0,,,,
1415062636.17728,pg_catalog,pg_range,0,0,1075,0,0,0,0,0,0,0,0,0,1292,858,,,,
1415062636.17728,pg_toast,pg_toast_2609,0,0,0,0,0,0,0,0,0,0,0,0,0,0,,,,
1415062636.17728,pg_catalog,pg_opclass,108,108,35688,406590,0,0,0,0,0,0,2234,156714,3197,43366,,,,
1415062636.17728,pg_toast,pg_toast_11752,0,0,0,0,0,0,0,0,0,0,0,0,0,0,,,,
1415062636.17728,pg_catalog,pg_rewrite,0,0,4412,4178,78,0,78,0,110,2,1261,3468,600,6950,1053,2355,770,8286
1415062636.17728,pg_toast,pg_toast_1255,0,0,0,0,0,0,0,0,0,0,0,0,0,0,,,,
1415062636.17728,pg_catalog,pg_seclabel,0,0,641,0,0,0,0,0,0,0,0,0,65,576,0,0,0,0
1415062636.17728,information_schema,sql_languages,0,0,,,0,0,0,0,0,0,0,0,,,0,0,0,0
1415062636.17728,pg_catalog,pg_ts_parser,0,0,0,0,0,0,0,0,0,0,0,0,0,0,,,,
1415062636.17728,pg_catalog,pg_trigger,0,0,0,0,0,0,0,0,0,0,0,0,0,0,0,0,0,0
1415062636.17728,pg_catalog,pg_shseclabel,0,0,0,0,0,0,0,0,0,0,0,0,0,0,,,,
1415062636.17728,pg_catalog,pg_event_trigger,0,0,310,0,0,0,0,0,0,0,0,0,64,246,,,,
1415062636.17728,pg_toast,pg_toast_11742,0,0,0,0,0,0,0,0,0,0,0,0,0,0,,,,
1415062636.17728,pg_catalog,pg_foreign_table,0,0,0,0,0,0,0,0,0,0,0,0,0,0,,,,
1415062636.17728,information_schema,sql_sizing_profiles,0,0,,,0,0,0,0,0,0,0,0,,,0,0,0,0
1415062636.17728,pg_catalog,pg_extension,0,0,0,0,0,0,0,0,0,0,0,0,0,0,,,,
1415062636.17728,public,part,22,24000000,279,8737991,2000000,0,0,0,2000000,0,522627,457049,28009,2486,,,,
1415062636.17728,pg_catalog,pg_ts_config,0,0,0,0,0,0,0,0,0,0,0,0,0,0,,,,
1415062636.17728,pg_catalog,pg_shdescription,0,0,0,0,0,0,0,0,0,0,0,0,0,0,0,0,0,0
1415062636.17728,pg_catalog,pg_cast,0,0,186878,49702,0,0,0,0,0,0,1360,48342,1537,192111,,,,
1415062636.17728,pg_catalog,pg_amop,0,0,56546,78898,0,0,0,0,0,0,2862,76036,4758,117514,,,,
1415062636.17728,pg_catalog,pg_user_mapping,0,0,0,0,0,0,0,0,0,0,0,0,0,0,,,,
1415062636.17728,pg_catalog,pg_type,0,0,150963,149837,312,0,293,0,360,49,3374,147797,3989,307497,,,,
1415062636.17728,pg_catalog,pg_largeobject,0,0,0,0,0,0,0,0,0,0,0,0,0,0,,,,
1415062636.17728,pg_catalog,pg_ts_config_map,0,0,0,0,0,0,0,0,0,0,0,0,0,0,,,,
1415062636.17728,pg_catalog,pg_largeobject_metadata,0,0,0,0,0,0,0,0,0,0,0,0,0,0,,,,
1415062636.17728,pg_catalog,pg_am,7621,7621,0,0,0,0,0,0,0,0,911,6710,0,0,,,,
1415062636.17728,pg_toast,pg_toast_11722,0,0,0,0,0,0,0,0,0,0,0,0,0,0,,,,
1415062636.17728,pg_catalog,pg_ts_template,0,0,0,0,0,0,0,0,0,0,0,0,0,0,,,,
1415062636.17728,public,lineitem,44,1440559501,14700565,301953649,60285860,0,299552,0,59985935,299552,36271883,70029162,3766711,63163774,,,,
1415062636.17728,pg_catalog,pg_foreign_server,0,0,0,0,0,0,0,0,0,0,0,0,0,0,,,,
1415062636.17728,pg_catalog,pg_namespace,1454,14278,55332,48403,10,0,0,0,10,0,795,49088,1964,61678,,,,
1415062636.17728,pg_toast,pg_toast_2619,0,0,6660,21596,565,0,314,0,261,26,2267,8448,414,10018,,,,
1415062636.17728,public,region,12838,64080,66,66,5,0,0,0,5,0,9,12875,19,73,,,,
1415062636.17728,pg_catalog,pg_authid,590,590,13945,13945,0,0,0,0,0,0,779,13756,3136,24754,,,,
1415062636.17728,pg_catalog,pg_default_acl,0,0,632,0,0,0,0,0,0,0,0,0,61,571,,,,
1415062636.17728,pg_catalog,pg_shdepend,0,0,811,169,0,0,0,0,0,0,64,105,260,859,,,,
1415062636.17728,pg_catalog,pg_constraint,0,0,56,24,32,0,24,0,10,24,18,161,32,304,0,0,0,0
1415062636.17728,pg_catalog,pg_index,3179,397670,66224,93961,126,0,98,0,143,5,3417,82079,3386,75447,,,,
1415062636.17728,pg_catalog,pg_ts_dict,0,0,0,0,0,0,0,0,0,0,0,0,0,0,,,,
1415062636.17728,pg_toast,pg_toast_2604,0,0,0,0,0,0,0,0,0,0,0,0,0,0,,,,
1415062636.17728,pg_toast,pg_toast_11732,0,0,0,0,0,0,0,0,0,0,0,0,0,0,,,,
1415062636.17728,pg_catalog,pg_proc,0,0,76764,112562,0,0,0,0,0,0,10132,79275,8738,158066,0,0,0,0
1415062696.18284,pg_catalog,pg_attrdef,0,0,0,0,0,0,0,0,0,0,0,0,0,0,0,0,0,0
1415062696.18284,pg_catalog,pg_db_role_setting,0,0,32376,0,0,0,0,0,0,0,0,0,971,31405,0,0,0,0
1415062696.18284,pg_catalog,pg_rowsecurity,0,0,0,0,0,0,0,0,0,0,0,0,0,0,,,,
1415062696.18284,pg_catalog,pg_description,0,0,645,0,0,0,0,0,0,0,0,0,200,1239,0,0,0,0
1415062696.18284,pg_catalog,pg_foreign_data_wrapper,0,0,0,0,0,0,0,0,0,0,0,0,0,0,,,,
1415062696.18284,pg_catalog,pg_conversion,0,0,0,0,0,0,0,0,0,0,0,0,0,0,,,,
1415062696.18284,information_schema,sql_features,0,0,,,0,0,0,0,0,0,0,0,,,0,0,0,0
1415062696.18284,pg_catalog,pg_class,6226,1706783,274896,262088,285,95,247,90,337,25,7618,316635,8190,560962,,,,
1415062696.18284,pg_catalog,pg_opfamily,0,0,0,0,0,0,0,0,0,0,0,0,0,0,,,,
1415062696.18284,pg_catalog,pg_auth_members,0,0,0,0,0,0,0,0,0,0,0,0,0,0,,,,
1415062696.18284,pg_catalog,pg_operator,0,0,43772,192485,0,0,0,0,0,0,9100,127729,6188,91885,,,,
1415062696.18284,information_schema,sql_packages,0,0,,,0,0,0,0,0,0,0,0,,,0,0,0,0
1415062696.18284,pg_catalog,pg_attribute,594,4050,186426,363251,1164,40,986,17,2514,361,10269,200473,5019,381697,,,,
1415062696.18284,pg_catalog,pg_tablespace,2,4,5603,5603,0,0,0,0,0,0,783,4822,1578,9652,,,,
1415062696.18284,public,partsupp,20,80000000,147196,6958676,8000000,0,0,0,8000000,0,1820933,7447516,98880,362733,,,,
1415062696.18284,pg_catalog,pg_statistic,0,0,37650,33684,278,617,212,317,467,99,5056,31003,2577,79606,2333,8539,415,10217
1415062696.18284,pg_catalog,pg_aggregate,0,0,2910,2910,0,0,0,0,0,0,756,2154,1525,3671,,,,
1415062696.18284,pg_catalog,pg_inherits,0,0,149,0,0,0,0,0,0,0,0,0,68,81,,,,
1415062696.18284,information_schema,sql_sizing,0,0,,,0,0,0,0,0,0,0,0,,,0,0,0,0
1415062696.18284,pg_catalog,pg_enum,0,0,0,0,0,0,0,0,0,0,0,0,0,0,,,,
1415062696.18284,pg_toast,pg_toast_2396,0,0,0,0,0,0,0,0,0,0,0,0,0,0,,,,
1415062696.18284,pg_catalog,pg_pltemplate,0,0,0,0,0,0,0,0,0,0,0,0,0,0,,,,
1415062696.18284,pg_toast,pg_toast_2618,0,0,2830,9050,0,0,0,0,0,0,1059,2356,389,4149,,,,
1415062696.18284,public,nation,93,950,77581,77701,25,0,0,0,25,0,13,77608,31,77625,,,,
1415062696.18284,pg_toast,pg_toast_3596,0,0,0,0,0,0,0,0,0,0,0,0,0,0,,,,
1415062696.18284,public,supplier,34,1600000,9960010,10197607,100000,0,0,0,100000,0,15761,10013651,1442,19973723,,,,
1415062696.18284,pg_toast,pg_toast_11747,0,0,0,0,0,0,0,0,0,0,0,0,0,0,,,,
1415062696.18284,pg_toast,pg_toast_11727,0,0,0,0,0,0,0,0,0,0,0,0,0,0,,,,
1415062696.18284,pg_toast,pg_toast_2606,0,0,0,0,0,0,0,0,0,0,0,0,0,0,,,,
1415062696.18284,public,orders,58,420240000,15972961,29643906,15075000,0,75000,0,15000000,75000,6167176,19552496,254406,48467313,,,,
1415062696.18284,pg_toast,pg_toast_2964,0,0,0,0,0,0,0,0,0,0,0,0,0,0,,,,
1415062696.18284,pg_catalog,pg_database,1694,6686,30150,30148,1,0,0,0,1,0,667,31176,4075,42250,,,,
1415062696.18284,information_schema,sql_parts,0,0,,,0,0,0,0,0,0,0,0,,,0,0,0,0
1415062696.18284,public,customer,39,28500000,325,5018975,1500000,0,0,0,1500000,0,593609,1818411,14706,983,,,,
1415062696.18284,pg_toast,pg_toast_2620,0,0,0,0,0,0,0,0,0,0,0,0,0,0,,,,
1415062696.18284,pg_toast,pg_toast_11737,0,0,0,0,0,0,0,0,0,0,0,0,0,0,,,,
1415062696.18284,pg_catalog,pg_depend,0,0,6393,6838,1205,0,1115,0,6685,1116,886,7690,1517,16745,,,,
1415062696.18284,pg_catalog,pg_language,0,0,0,0,0,0,0,0,0,0,0,0,0,0,,,,
1415062696.18284,information_schema,sql_implementation_info,0,0,,,0,0,0,0,0,0,0,0,,,0,0,0,0
1415062696.18284,public,time_statistics,91,4901,,,101,91,0,91,101,6,9,276,,,,,,
1415062696.18284,pg_catalog,pg_amproc,108,216,27711,43096,0,0,0,0,0,0,1053,26497,2913,60038,,,,
1415062696.18284,pg_catalog,pg_collation,0,0,0,0,0,0,0,0,0,0,0,0,0,0,,,,
1415062696.18284,pg_catalog,pg_range,0,0,1085,0,0,0,0,0,0,0,0,0,1294,876,,,,
1415062696.18284,pg_toast,pg_toast_2609,0,0,0,0,0,0,0,0,0,0,0,0,0,0,,,,
1415062696.18284,pg_catalog,pg_opclass,108,108,35871,408884,0,0,0,0,0,0,2234,157621,3198,43594,,,,
1415062696.18284,pg_toast,pg_toast_11752,0,0,0,0,0,0,0,0,0,0,0,0,0,0,,,,
1415062696.18284,pg_catalog,pg_rewrite,0,0,4426,4189,79,0,79,0,110,3,1270,3474,608,6966,1059,2356,778,8298
1415062696.18284,pg_toast,pg_toast_1255,0,0,0,0,0,0,0,0,0,0,0,0,0,0,,,,
1415062696.18284,pg_catalog,pg_seclabel,0,0,645,0,0,0,0,0,0,0,0,0,66,579,0,0,0,0
1415062696.18284,information_schema,sql_languages,0,0,,,0,0,0,0,0,0,0,0,,,0,0,0,0
1415062696.18284,pg_catalog,pg_ts_parser,0,0,0,0,0,0,0,0,0,0,0,0,0,0,,,,
1415062696.18284,pg_catalog,pg_trigger,0,0,0,0,0,0,0,0,0,0,0,0,0,0,0,0,0,0
1415062696.18284,pg_catalog,pg_shseclabel,0,0,0,0,0,0,0,0,0,0,0,0,0,0,,,,
1415062696.18284,pg_catalog,pg_event_trigger,0,0,311,0,0,0,0,0,0,0,0,0,65,246,,,,
1415062696.18284,pg_toast,pg_toast_11742,0,0,0,0,0,0,0,0,0,0,0,0,0,0,,,,
1415062696.18284,pg_catalog,pg_foreign_table,0,0,0,0,0,0,0,0,0,0,0,0,0,0,,,,
1415062696.18284,information_schema,sql_sizing_profiles,0,0,,,0,0,0,0,0,0,0,0,,,0,0,0,0
1415062696.18284,pg_catalog,pg_extension,0,0,0,0,0,0,0,0,0,0,0,0,0,0,,,,
1415062696.18284,public,part,23,26000000,306,11377240,2000000,0,0,0,2000000,0,595982,546519,35264,2545,,,,
1415062696.18284,pg_catalog,pg_ts_config,0,0,0,0,0,0,0,0,0,0,0,0,0,0,,,,
1415062696.18284,pg_catalog,pg_shdescription,0,0,0,0,0,0,0,0,0,0,0,0,0,0,0,0,0,0
1415062696.18284,pg_catalog,pg_cast,0,0,188009,49971,0,0,0,0,0,0,1361,48610,1537,193278,,,,
1415062696.18284,pg_catalog,pg_amop,0,0,56817,79304,0,0,0,0,0,0,2864,76440,4761,118093,,,,
1415062696.18284,pg_catalog,pg_user_mapping,0,0,0,0,0,0,0,0,0,0,0,0,0,0,,,,
1415062696.18284,pg_catalog,pg_type,0,0,151775,150636,314,0,295,0,360,51,3381,148598,3998,309163,,,,
1415062696.18284,pg_catalog,pg_largeobject,0,0,0,0,0,0,0,0,0,0,0,0,0,0,,,,
1415062696.18284,pg_catalog,pg_ts_config_map,0,0,0,0,0,0,0,0,0,0,0,0,0,0,,,,
1415062696.18284,pg_catalog,pg_largeobject_metadata,0,0,0,0,0,0,0,0,0,0,0,0,0,0,,,,
1415062696.18284,pg_catalog,pg_am,7655,7655,0,0,0,0,0,0,0,0,911,6744,0,0,,,,
1415062696.18284,pg_toast,pg_toast_11722,0,0,0,0,0,0,0,0,0,0,0,0,0,0,,,,
1415062696.18284,pg_catalog,pg_ts_template,0,0,0,0,0,0,0,0,0,0,0,0,0,0,,,,
1415062696.18284,public,lineitem,44,1440559501,14700573,322023487,60285860,0,299552,0,59985935,299552,37916724,71224443,3821943,63163804,,,,
1415062696.18284,pg_catalog,pg_foreign_server,0,0,0,0,0,0,0,0,0,0,0,0,0,0,,,,
1415062696.18284,pg_catalog,pg_namespace,1456,14310,55577,48612,10,0,0,0,10,0,795,49299,1966,61960,,,,
1415062696.18284,pg_toast,pg_toast_2619,0,0,6753,21969,565,0,314,0,261,26,2333,8539,415,10217,,,,
1415062696.18284,public,region,19340,96585,70,70,5,0,0,0,5,0,10,19379,21,76,,,,
1415062696.18284,pg_catalog,pg_authid,591,591,14015,14015,0,0,0,0,0,0,779,13827,3136,24894,,,,
1415062696.18284,pg_catalog,pg_default_acl,0,0,636,0,0,0,0,0,0,0,0,0,62,574,,,,
1415062696.18284,pg_catalog,pg_shdepend,0,0,816,170,0,0,0,0,0,0,65,105,264,862,,,,
1415062696.18284,pg_catalog,pg_constraint,0,0,56,24,32,0,24,0,10,24,18,161,32,304,0,0,0,0
1415062696.18284,pg_catalog,pg_index,3184,398385,66476,94309,126,0,98,0,143,5,3418,82397,3387,75748,,,,
1415062696.18284,pg_catalog,pg_ts_dict,0,0,0,0,0,0,0,0,0,0,0,0,0,0,,,,
1415062696.18284,pg_toast,pg_toast_2604,0,0,0,0,0,0,0,0,0,0,0,0,0,0,,,,
1415062696.18284,pg_toast,pg_toast_11732,0,0,0,0,0,0,0,0,0,0,0,0,0,0,,,,
1415062696.18284,pg_catalog,pg_proc,0,0,77050,112979,0,0,0,0,0,0,10167,79556,8753,158695,0,0,0,0
1415062756.18822,pg_catalog,pg_attrdef,0,0,0,0,0,0,0,0,0,0,0,0,0,0,0,0,0,0
1415062756.18822,pg_catalog,pg_db_role_setting,0,0,32512,0,0,0,0,0,0,0,0,0,972,31540,0,0,0,0
1415062756.18822,pg_catalog,pg_rowsecurity,0,0,0,0,0,0,0,0,0,0,0,0,0,0,,,,
1415062756.18822,pg_catalog,pg_description,0,0,645,0,0,0,0,0,0,0,0,0,200,1239,0,0,0,0
1415062756.18822,pg_catalog,pg_foreign_data_wrapper,0,0,0,0,0,0,0,0,0,0,0,0,0,0,,,,
1415062756.18822,pg_catalog,pg_conversion,0,0,0,0,0,0,0,0,0,0,0,0,0,0,,,,
1415062756.18822,information_schema,sql_features,0,0,,,0,0,0,0,0,0,0,0,,,0,0,0,0
1415062756.18822,pg_catalog,pg_class,6237,1710170,275732,262870,285,95,247,90,337,25,7637,317521,8206,562692,,,,
1415062756.18822,pg_catalog,pg_opfamily,0,0,0,0,0,0,0,0,0,0,0,0,0,0,,,,
1415062756.18822,pg_catalog,pg_auth_members,0,0,0,0,0,0,0,0,0,0,0,0,0,0,,,,
1415062756.18822,pg_catalog,pg_operator,0,0,43994,193802,0,0,0,0,0,0,9115,128612,6199,92367,,,,
1415062756.18822,information_schema,sql_packages,0,0,,,0,0,0,0,0,0,0,0,,,0,0,0,0
1415062756.18822,pg_catalog,pg_attribute,594,4050,187067,364577,1164,40,986,17,2514,361,10310,201109,5031,383009,,,,
1415062756.18822,pg_catalog,pg_tablespace,2,4,5626,5626,0,0,0,0,0,0,784,4844,1580,9696,,,,
1415062756.18822,public,partsupp,21,88000000,173299,8570616,8000000,0,0,0,8000000,0,2127434,8905939,118878,425587,,,,
1415062756.18822,pg_catalog,pg_statistic,0,0,37834,33862,278,620,212,320,467,102,5082,31158,2582,79994,2420,8640,422,10463
1415062756.18822,pg_catalog,pg_aggregate,0,0,2920,2920,0,0,0,0,0,0,759,2161,1531,3685,,,,
1415062756.18822,pg_catalog,pg_inherits,0,0,149,0,0,0,0,0,0,0,0,0,68,81,,,,
1415062756.18822,information_schema,sql_sizing,0,0,,,0,0,0,0,0,0,0,0,,,0,0,0,0
1415062756.18822,pg_catalog,pg_enum,0,0,0,0,0,0,0,0,0,0,0,0,0,0,,,,
1415062756.18822,pg_toast,pg_toast_2396,0,0,0,0,0,0,0,0,0,0,0,0,0,0,,,,
1415062756.18822,pg_catalog,pg_pltemplate,0,0,0,0,0,0,0,0,0,0,0,0,0,0,,,,
1415062756.18822,pg_toast,pg_toast_2618,0,0,2835,9066,0,0,0,0,0,0,1064,2357,391,4155,,,,
1415062756.18822,public,nation,99,1100,102553,102673,25,0,0,0,25,0,15,102584,36,102597,,,,
1415062756.18822,pg_toast,pg_toast_3596,0,0,0,0,0,0,0,0,0,0,0,0,0,0,,,,
1415062756.18822,public,supplier,36,1700000,13281258,13518855,100000,0,0,0,100000,0,15761,13337078,1448,26634478,,,,
1415062756.18822,pg_toast,pg_toast_11747,0,0,0,0,0,0,0,0,0,0,0,0,0,0,,,,
1415062756.18822,pg_toast,pg_toast_11727,0,0,0,0,0,0,0,0,0,0,0,0,0,0,,,,
1415062756.18822,pg_toast,pg_toast_2606,0,0,0,0,0,0,0,0,0,0,0,0,0,0,,,,
1415062756.18822,public,orders,60,450240000,19640771,34171551,15075000,0,75000,0,15000000,75000,6808616,23269648,299746,59447549,,,,
1415062756.18822,pg_toast,pg_toast_2964,0,0,0,0,0,0,0,0,0,0,0,0,0,0,,,,
1415062756.18822,pg_catalog,pg_database,1697,6698,30261,30259,1,0,0,0,1,0,668,31289,4079,42425,,,,
1415062756.18822,information_schema,sql_parts,0,0,,,0,0,0,0,0,0,0,0,,,0,0,0,0
1415062756.18822,public,customer,43,34500000,350,5318833,1500000,0,0,0,1500000,0,664165,2034304,15557,1053,,,,
1415062756.18822,pg_toast,pg_toast_2620,0,0,0,0,0,0,0,0,0,0,0,0,0,0,,,,
1415062756.18822,pg_toast,pg_toast_11737,0,0,0,0,0,0,0,0,0,0,0,0,0,0,,,,
1415062756.18822,pg_catalog,pg_depend,0,0,6393,6838,1205,0,1115,0,6685,1116,886,7690,1517,16745,,,,
1415062756.18822,pg_catalog,pg_language,0,0,0,0,0,0,0,0,0,0,0,0,0,0,,,,
1415062756.18822,information_schema,sql_implementation_info,0,0,,,0,0,0,0,0,0,0,0,,,0,0,0,0
1415062756.18822,public,time_statistics,100,5846,,,110,100,0,100,110,4,10,303,,,,,,
1415062756.18822,pg_catalog,pg_amproc,108,216,27852,43309,0,0,0,0,0,0,1054,26635,2916,60352,,,,
1415062756.18822,pg_catalog,pg_collation,0,0,0,0,0,0,0,0,0,0,0,0,0,0,,,,
1415062756.18822,pg_catalog,pg_range,0,0,1095,0,0,0,0,0,0,0,0,0,1298,892,,,,
1415062756.18822,pg_toast,pg_toast_2609,0,0,0,0,0,0,0,0,0,0,0,0,0,0,,,,
1415062756.18822,pg_catalog,pg_opclass,108,108,36068,411402,0,0,0,0,0,0,2237,158603,3204,43833,,,,
1415062756.18822,pg_toast,pg_toast_11752,0,0,0,0,0,0,0,0,0,0,0,0,0,0,,,,
1415062756.18822,pg_catalog,pg_rewrite,0,0,4434,4197,79,0,79,0,110,3,1275,3477,609,6979,1064,2357,782,8310
1415062756.18822,pg_toast,pg_toast_1255,0,0,0,0,0,0,0,0,0,0,0,0,0,0,,,,
1415062756.18822,pg_catalog,pg_seclabel,0,0,645,0,0,0,0,0,0,0,0,0,66,579,0,0,0,0
1415062756.18822,information_schema,sql_languages,0,0,,,0,0,0,0,0,0,0,0,,,0,0,0,0
1415062756.18822,pg_catalog,pg_ts_parser,0,0,0,0,0,0,0,0,0,0,0,0,0,0,,,,
1415062756.18822,pg_catalog,pg_trigger,0,0,0,0,0,0,0,0,0,0,0,0,0,0,0,0,0,0
1415062756.18822,pg_catalog,pg_shseclabel,0,0,0,0,0,0,0,0,0,0,0,0,0,0,,,,
1415062756.18822,pg_catalog,pg_event_trigger,0,0,311,0,0,0,0,0,0,0,0,0,65,246,,,,
1415062756.18822,pg_toast,pg_toast_11742,0,0,0,0,0,0,0,0,0,0,0,0,0,0,,,,
1415062756.18822,pg_catalog,pg_foreign_table,0,0,0,0,0,0,0,0,0,0,0,0,0,0,,,,
1415062756.18822,information_schema,sql_sizing_profiles,0,0,,,0,0,0,0,0,0,0,0,,,0,0,0,0
1415062756.18822,pg_catalog,pg_extension,0,0,0,0,0,0,0,0,0,0,0,0,0,0,,,,
1415062756.18822,public,part,25,30000000,342,13400879,2000000,0,0,0,2000000,0,677989,607415,42101,3167,,,,
1415062756.18822,pg_catalog,pg_ts_config,0,0,0,0,0,0,0,0,0,0,0,0,0,0,,,,
1415062756.18822,pg_catalog,pg_shdescription,0,0,0,0,0,0,0,0,0,0,0,0,0,0,0,0,0,0
1415062756.18822,pg_catalog,pg_cast,0,0,189317,50237,0,0,0,0,0,0,1363,48874,1539,194618,,,,
1415062756.18822,pg_catalog,pg_amop,0,0,57117,79745,0,0,0,0,0,0,2868,76877,4770,118723,,,,
1415062756.18822,pg_catalog,pg_user_mapping,0,0,0,0,0,0,0,0,0,0,0,0,0,0,,,,
1415062756.18822,pg_catalog,pg_type,0,0,152630,151491,314,0,295,0,360,51,3386,149448,4008,310902,,,,
1415062756.18822,pg_catalog,pg_largeobject,0,0,0,0,0,0,0,0,0,0,0,0,0,0,,,,
1415062756.18822,pg_catalog,pg_ts_config_map,0,0,0,0,0,0,0,0,0,0,0,0,0,0,,,,
1415062756.18822,pg_catalog,pg_largeobject_metadata,0,0,0,0,0,0,0,0,0,0,0,0,0,0,,,,
1415062756.18822,pg_catalog,pg_am,7690,7690,0,0,0,0,0,0,0,0,912,6778,0,0,,,,
1415062756.18822,pg_toast,pg_toast_11722,0,0,0,0,0,0,0,0,0,0,0,0,0,0,,,,
1415062756.18822,pg_catalog,pg_ts_template,0,0,0,0,0,0,0,0,0,0,0,0,0,0,,,,
1415062756.18822,public,lineitem,48,1680504733,15159704,365919136,60285860,0,299552,0,59985935,299552,42584423,86978555,4034309,64943575,,,,
1415062756.18822,pg_catalog,pg_foreign_server,0,0,0,0,0,0,0,0,0,0,0,0,0,0,,,,
1415062756.18822,pg_catalog,pg_namespace,1458,14342,55816,48818,10,0,0,0,10,0,796,49506,1972,62229,,,,
1415062756.18822,pg_toast,pg_toast_2619,0,0,6872,22402,565,0,314,0,261,26,2420,8640,422,10463,,,,
1415062756.18822,public,region,25581,127785,76,76,5,0,0,0,5,0,11,25624,24,81,,,,
1415062756.18822,pg_catalog,pg_authid,592,592,14080,14080,0,0,0,0,0,0,780,13892,3140,25020,,,,
1415062756.18822,pg_catalog,pg_default_acl,0,0,636,0,0,0,0,0,0,0,0,0,62,574,,,,
1415062756.18822,pg_catalog,pg_shdepend,0,0,816,170,0,0,0,0,0,0,65,105,264,862,,,,
1415062756.18822,pg_catalog,pg_constraint,0,0,56,24,32,0,24,0,10,24,18,161,32,304,0,0,0,0
1415062756.18822,pg_catalog,pg_index,3189,399100,66772,94735,126,0,98,0,143,5,3430,82777,3393,76089,,,,
1415062756.18822,pg_catalog,pg_ts_dict,0,0,0,0,0,0,0,0,0,0,0,0,0,0,,,,
1415062756.18822,pg_toast,pg_toast_2604,0,0,0,0,0,0,0,0,0,0,0,0,0,0,,,,
1415062756.18822,pg_toast,pg_toast_11732,0,0,0,0,0,0,0,0,0,0,0,0,0,0,,,,
1415062756.18822,pg_catalog,pg_proc,0,0,77339,113400,0,0,0,0,0,0,10214,79832,8772,159320,0,0,0,0
1415062816.18971,pg_catalog,pg_attrdef,0,0,0,0,0,0,0,0,0,0,0,0,0,0,0,0,0,0
1415062816.18971,pg_catalog,pg_db_role_setting,0,0,32588,0,0,0,0,0,0,0,0,0,972,31616,0,0,0,0
1415062816.18971,pg_catalog,pg_rowsecurity,0,0,0,0,0,0,0,0,0,0,0,0,0,0,,,,
1415062816.18971,pg_catalog,pg_description,0,0,649,0,0,0,0,0,0,0,0,0,203,1245,0,0,0,0
1415062816.18971,pg_catalog,pg_foreign_data_wrapper,0,0,0,0,0,0,0,0,0,0,0,0,0,0,,,,
1415062816.18971,pg_catalog,pg_conversion,0,0,0,0,0,0,0,0,0,0,0,0,0,0,,,,
1415062816.18971,information_schema,sql_features,0,0,,,0,0,0,0,0,0,0,0,,,0,0,0,0
1415062816.18971,pg_catalog,pg_class,6246,1712883,276277,263389,286,96,248,91,337,27,7643,318141,8215,563817,,,,
1415062816.18971,pg_catalog,pg_opfamily,0,0,0,0,0,0,0,0,0,0,0,0,0,0,,,,
1415062816.18971,pg_catalog,pg_auth_members,0,0,0,0,0,0,0,0,0,0,0,0,0,0,,,,
1415062816.18971,pg_catalog,pg_operator,0,0,44092,194292,0,0,0,0,0,0,9118,128952,6200,92584,,,,
1415062816.18971,information_schema,sql_packages,0,0,,,0,0,0,0,0,0,0,0,,,0,0,0,0
1415062816.18971,pg_catalog,pg_attribute,594,4050,187425,365251,1166,40,988,17,2514,363,10337,201467,5039,383744,,,,
1415062816.18971,pg_catalog,pg_tablespace,2,4,5639,5639,0,0,0,0,0,0,784,4857,1580,9722,,,,
1415062816.18971,public,partsupp,21,88000000,229353,10917066,8000000,0,0,0,8000000,0,2355035,10943771,157054,562183,,,,
1415062816.18971,pg_catalog,pg_statistic,0,0,37916,33939,278,620,212,320,467,102,5098,31219,2583,80168,2467,8679,424,10571
1415062816.18971,pg_catalog,pg_aggregate,0,0,2926,2926,0,0,0,0,0,0,760,2166,1534,3693,,,,
1415062816.18971,pg_catalog,pg_inherits,0,0,150,0,0,0,0,0,0,0,0,0,69,81,,,,
1415062816.18971,information_schema,sql_sizing,0,0,,,0,0,0,0,0,0,0,0,,,0,0,0,0
1415062816.18971,pg_catalog,pg_enum,0,0,0,0,0,0,0,0,0,0,0,0,0,0,,,,
1415062816.18971,pg_toast,pg_toast_2396,0,0,0,0,0,0,0,0,0,0,0,0,0,0,,,,
1415062816.18971,pg_catalog,pg_pltemplate,0,0,0,0,0,0,0,0,0,0,0,0,0,0,,,,
1415062816.18971,pg_toast,pg_toast_2618,0,0,2839,9080,0,0,0,0,0,0,1068,2358,391,4161,,,,
1415062816.18971,public,nation,103,1200,128531,128651,25,0,0,0,25,0,16,128565,39,128575,,,,
1415062816.18971,pg_toast,pg_toast_3596,0,0,0,0,0,0,0,0,0,0,0,0,0,0,,,,
1415062816.18971,public,supplier,38,1800000,13307242,13604897,100000,0,0,0,100000,0,15761,13371946,1479,26686709,,,,
1415062816.18971,pg_toast,pg_toast_11747,0,0,0,0,0,0,0,0,0,0,0,0,0,0,,,,
1415062816.18971,pg_toast,pg_toast_11727,0,0,0,0,0,0,0,0,0,0,0,0,0,0,,,,
1415062816.18971,pg_toast,pg_toast_2606,0,0,0,0,0,0,0,0,0,0,0,0,0,0,,,,
1415062816.18971,public,orders,60,450240000,19640771,34171551,15075000,0,75000,0,15000000,75000,6808616,23269648,299746,59447549,,,,
1415062816.18971,pg_toast,pg_toast_2964,0,0,0,0,0,0,0,0,0,0,0,0,0,0,,,,
1415062816.18971,pg_catalog,pg_database,1700,6710,30328,30326,1,0,0,0,1,0,668,31359,4079,42530,,,,
1415062816.18971,information_schema,sql_parts,0,0,,,0,0,0,0,0,0,0,0,,,0,0,0,0
1415062816.18971,public,customer,43,34500000,350,5318833,1500000,0,0,0,1500000,0,664165,2034304,15557,1053,,,,
1415062816.18971,pg_toast,pg_toast_2620,0,0,0,0,0,0,0,0,0,0,0,0,0,0,,,,
1415062816.18971,pg_toast,pg_toast_11737,0,0,0,0,0,0,0,0,0,0,0,0,0,0,,,,
1415062816.18971,pg_catalog,pg_depend,0,0,6437,6890,1214,0,1124,0,6685,1125,897,7738,1540,16848,,,,
1415062816.18971,pg_catalog,pg_language,0,0,0,0,0,0,0,0,0,0,0,0,0,0,,,,
1415062816.18971,information_schema,sql_implementation_info,0,0,,,0,0,0,0,0,0,0,0,,,0,0,0,0
1415062816.18971,public,time_statistics,104,6292,,,114,104,0,103,114,8,15,314,,,,,,
1415062816.18971,pg_catalog,pg_amproc,108,216,27905,43391,0,0,0,0,0,0,1055,26685,2919,60473,,,,
1415062816.18971,pg_catalog,pg_collation,0,0,0,0,0,0,0,0,0,0,0,0,0,0,,,,
1415062816.18971,pg_catalog,pg_range,0,0,1099,0,0,0,0,0,0,0,0,0,1304,894,,,,
1415062816.18971,pg_toast,pg_toast_2609,0,0,0,0,0,0,0,0,0,0,0,0,0,0,,,,
1415062816.18971,pg_catalog,pg_opclass,108,108,36138,412206,0,0,0,0,0,0,2238,158920,3207,43924,,,,
1415062816.18971,pg_toast,pg_toast_11752,0,0,0,0,0,0,0,0,0,0,0,0,0,0,,,,
1415062816.18971,pg_catalog,pg_rewrite,0,0,4445,4205,80,0,80,0,110,4,1282,3482,614,6992,1068,2358,782,8322
1415062816.18971,pg_toast,pg_toast_1255,0,0,0,0,0,0,0,0,0,0,0,0,0,0,,,,
1415062816.18971,pg_catalog,pg_seclabel,0,0,649,0,0,0,0,0,0,0,0,0,67,582,0,0,0,0
1415062816.18971,information_schema,sql_languages,0,0,,,0,0,0,0,0,0,0,0,,,0,0,0,0
1415062816.18971,pg_catalog,pg_ts_parser,0,0,0,0,0,0,0,0,0,0,0,0,0,0,,,,
1415062816.18971,pg_catalog,pg_trigger,0,0,0,0,0,0,0,0,0,0,0,0,0,0,0,0,0,0
1415062816.18971,pg_catalog,pg_shseclabel,0,0,0,0,0,0,0,0,0,0,0,0,0,0,,,,
1415062816.18971,pg_catalog,pg_event_trigger,0,0,312,0,0,0,0,0,0,0,0,0,66,246,,,,
1415062816.18971,pg_toast,pg_toast_11742,0,0,0,0,0,0,0,0,0,0,0,0,0,0,,,,
1415062816.18971,pg_catalog,pg_foreign_table,0,0,0,0,0,0,0,0,0,0,0,0,0,0,,,,
1415062816.18971,information_schema,sql_sizing_profiles,0,0,,,0,0,0,0,0,0,0,0,,,0,0,0,0
1415062816.18971,pg_catalog,pg_extension,0,0,0,0,0,0,0,0,0,0,0,0,0,0,,,,
1415062816.18971,public,part,25,30000000,350,17400885,2000000,0,0,0,2000000,0,759014,608944,53046,3184,,,,
1415062816.18971,pg_catalog,pg_ts_config,0,0,0,0,0,0,0,0,0,0,0,0,0,0,,,,
1415062816.18971,pg_catalog,pg_shdescription,0,0,0,0,0,0,0,0,0,0,0,0,0,0,0,0,0,0
1415062816.18971,pg_catalog,pg_cast,0,0,189739,50358,0,0,0,0,0,0,1365,48993,1539,195055,,,,
1415062816.18971,pg_catalog,pg_amop,0,0,57214,79885,0,0,0,0,0,0,2871,77014,4771,118932,,,,
1415062816.18971,pg_catalog,pg_user_mapping,0,0,0,0,0,0,0,0,0,0,0,0,0,0,,,,
1415062816.18971,pg_catalog,pg_type,0,0,152986,151842,316,0,297,0,360,53,3394,149800,4015,311632,,,,
1415062816.18971,pg_catalog,pg_largeobject,0,0,0,0,0,0,0,0,0,0,0,0,0,0,,,,
1415062816.18971,pg_catalog,pg_ts_config_map,0,0,0,0,0,0,0,0,0,0,0,0,0,0,,,,
1415062816.18971,pg_catalog,pg_largeobject_metadata,0,0,0,0,0,0,0,0,0,0,0,0,0,0,,,,
1415062816.18971,pg_catalog,pg_am,7708,7708,0,0,0,0,0,0,0,0,913,6795,0,0,,,,
1415062816.18971,pg_toast,pg_toast_11722,0,0,0,0,0,0,0,0,0,0,0,0,0,0,,,,
1415062816.18971,pg_catalog,pg_ts_template,0,0,0,0,0,0,0,0,0,0,0,0,0,0,,,,
1415062816.18971,public,lineitem,48,1680504733,15246170,373008162,60285860,0,299552,0,59985935,299552,43469588,90004450,4070309,65279135,,,,
1415062816.18971,pg_catalog,pg_foreign_server,0,0,0,0,0,0,0,0,0,0,0,0,0,0,,,,
1415062816.18971,pg_catalog,pg_namespace,1460,14374,56003,48990,10,0,0,0,10,0,796,49680,1976,62430,,,,
1415062816.18971,pg_toast,pg_toast_2619,0,0,6924,22612,565,0,314,0,261,26,2467,8679,424,10571,,,,
1415062816.18971,public,region,32074,160245,80,80,5,0,0,0,5,0,12,32119,26,84,,,,
1415062816.18971,pg_catalog,pg_authid,593,593,14114,14114,0,0,0,0,0,0,780,13927,3140,25088,,,,
1415062816.18971,pg_catalog,pg_default_acl,0,0,640,0,0,0,0,0,0,0,0,0,63,577,,,,
1415062816.18971,pg_catalog,pg_shdepend,0,0,821,171,0,0,0,0,0,0,66,105,268,865,,,,
1415062816.18971,pg_catalog,pg_constraint,0,0,56,24,32,0,24,0,10,24,18,161,32,304,0,0,0,0
1415062816.18971,pg_catalog,pg_index,3194,399815,66907,94918,126,0,98,0,143,5,3431,82962,3395,76247,,,,
1415062816.18971,pg_catalog,pg_ts_dict,0,0,0,0,0,0,0,0,0,0,0,0,0,0,,,,
1415062816.18971,pg_toast,pg_toast_2604,0,0,0,0,0,0,0,0,0,0,0,0,0,0,,,,
1415062816.18971,pg_toast,pg_toast_11732,0,0,0,0,0,0,0,0,0,0,0,0,0,0,,,,
1415062816.18971,pg_catalog,pg_proc,0,0,77489,113632,0,0,0,0,0,0,10231,79980,8778,159644,0,0,0,0
1415062876.19185,pg_catalog,pg_attrdef,0,0,0,0,0,0,0,0,0,0,0,0,0,0,0,0,0,0
1415062876.19185,pg_catalog,pg_db_role_setting,0,0,32784,0,0,0,0,0,0,0,0,0,973,31811,0,0,0,0
1415062876.19185,pg_catalog,pg_rowsecurity,0,0,0,0,0,0,0,0,0,0,0,0,0,0,,,,
1415062876.19185,pg_catalog,pg_description,0,0,649,0,0,0,0,0,0,0,0,0,203,1245,0,0,0,0
1415062876.19185,pg_catalog,pg_foreign_data_wrapper,0,0,0,0,0,0,0,0,0,0,0,0,0,0,,,,
1415062876.19185,pg_catalog,pg_conversion,0,0,0,0,0,0,0,0,0,0,0,0,0,0,,,,
1415062876.19185,information_schema,sql_features,0,0,,,0,0,0,0,0,0,0,0,,,0,0,0,0
1415062876.19185,pg_catalog,pg_class,6256,1715933,277225,264268,286,96,248,91,337,27,7657,319117,8225,565803,,,,
1415062876.19185,pg_catalog,pg_opfamily,0,0,0,0,0,0,0,0,0,0,0,0,0,0,,,,
1415062876.19185,pg_catalog,pg_auth_members,0,0,0,0,0,0,0,0,0,0,0,0,0,0,,,,
1415062876.19185,pg_catalog,pg_operator,0,0,44375,196034,0,0,0,0,0,0,9132,130120,6209,93207,,,,
1415062876.19185,information_schema,sql_packages,0,0,,,0,0,0,0,0,0,0,0,,,0,0,0,0
1415062876.19185,pg_catalog,pg_attribute,594,4050,188134,366756,1166,40,988,17,2514,363,10364,202198,5046,385210,,,,
1415062876.19185,pg_catalog,pg_tablespace,2,4,5672,5672,0,0,0,0,0,0,785,4889,1582,9786,,,,
1415062876.19185,public,partsupp,23,104000000,259293,11645806,8000000,0,0,0,8000000,0,2793367,11512860,175715,635474,,,,
1415062876.19185,pg_catalog,pg_statistic,0,0,38113,34130,278,620,212,320,467,102,5123,31385,2588,80590,2543,8786,430,10838
1415062876.19185,pg_catalog,pg_aggregate,0,0,2951,2951,0,0,0,0,0,0,763,2188,1540,3727,,,,
1415062876.19185,pg_catalog,pg_inherits,0,0,150,0,0,0,0,0,0,0,0,0,69,81,,,,
1415062876.19185,information_schema,sql_sizing,0,0,,,0,0,0,0,0,0,0,0,,,0,0,0,0
1415062876.19185,pg_catalog,pg_enum,0,0,0,0,0,0,0,0,0,0,0,0,0,0,,,,
1415062876.19185,pg_toast,pg_toast_2396,0,0,0,0,0,0,0,0,0,0,0,0,0,0,,,,
1415062876.19185,pg_catalog,pg_pltemplate,0,0,0,0,0,0,0,0,0,0,0,0,0,0,,,,
1415062876.19185,pg_toast,pg_toast_2618,0,0,2844,9096,0,0,0,0,0,0,1073,2359,393,4167,,,,
1415062876.19185,public,nation,110,1375,128549,128669,25,0,0,0,25,0,17,128589,46,128591,,,,
1415062876.19185,pg_toast,pg_toast_3596,0,0,0,0,0,0,0,0,0,0,0,0,0,0,,,,
1415062876.19185,public,supplier,39,1900000,16567397,16881128,100000,0,0,0,100000,0,19735,16637737,1537,33225073,,,,
1415062876.19185,pg_toast,pg_toast_11747,0,0,0,0,0,0,0,0,0,0,0,0,0,0,,,,
1415062876.19185,pg_toast,pg_toast_11727,0,0,0,0,0,0,0,0,0,0,0,0,0,0,,,,
1415062876.19185,pg_toast,pg_toast_2606,0,0,0,0,0,0,0,0,0,0,0,0,0,0,,,,
1415062876.19185,public,orders,65,525240000,24413711,39511674,15075000,0,75000,0,15000000,75000,7950704,28401775,302198,73791609,,,,
1415062876.19185,pg_toast,pg_toast_2964,0,0,0,0,0,0,0,0,0,0,0,0,0,0,,,,
1415062876.19185,pg_catalog,pg_database,1703,6722,30486,30484,1,0,0,0,1,0,668,31520,4083,42782,,,,
1415062876.19185,information_schema,sql_parts,0,0,,,0,0,0,0,0,0,0,0,,,0,0,0,0
1415062876.19185,public,customer,46,39000000,379,6191493,1500000,0,0,0,1500000,0,734719,2175307,18321,1118,,,,
1415062876.19185,pg_toast,pg_toast_2620,0,0,0,0,0,0,0,0,0,0,0,0,0,0,,,,
1415062876.19185,pg_toast,pg_toast_11737,0,0,0,0,0,0,0,0,0,0,0,0,0,0,,,,
1415062876.19185,pg_catalog,pg_depend,0,0,6437,6890,1214,0,1124,0,6685,1125,897,7738,1540,16848,,,,
1415062876.19185,pg_catalog,pg_language,0,0,0,0,0,0,0,0,0,0,0,0,0,0,,,,
1415062876.19185,information_schema,sql_implementation_info,0,0,,,0,0,0,0,0,0,0,0,,,0,0,0,0
1415062876.19185,public,time_statistics,118,7979,,,128,118,0,117,128,12,18,381,,,,,,
1415062876.19185,pg_catalog,pg_amproc,108,216,28085,43662,0,0,0,0,0,0,1055,26857,2919,60881,,,,
1415062876.19185,pg_catalog,pg_collation,0,0,0,0,0,0,0,0,0,0,0,0,0,0,,,,
1415062876.19185,pg_catalog,pg_range,0,0,1113,0,0,0,0,0,0,0,0,0,1306,920,,,,
1415062876.19185,pg_toast,pg_toast_2609,0,0,0,0,0,0,0,0,0,0,0,0,0,0,,,,
1415062876.19185,pg_catalog,pg_opclass,108,108,36360,414663,0,0,0,0,0,0,2240,159904,3211,44207,,,,
1415062876.19185,pg_toast,pg_toast_11752,0,0,0,0,0,0,0,0,0,0,0,0,0,0,,,,
1415062876.19185,pg_catalog,pg_rewrite,0,0,4452,4212,80,0,80,0,110,4,1287,3484,616,7002,1073,2359,786,8334
1415062876.19185,pg_toast,pg_toast_1255,0,0,0,0,0,0,0,0,0,0,0,0,0,0,,,,
1415062876.19185,pg_catalog,pg_seclabel,0,0,649,0,0,0,0,0,0,0,0,0,67,582,0,0,0,0
1415062876.19185,information_schema,sql_languages,0,0,,,0,0,0,0,0,0,0,0,,,0,0,0,0
1415062876.19185,pg_catalog,pg_ts_parser,0,0,0,0,0,0,0,0,0,0,0,0,0,0,,,,
1415062876.19185,pg_catalog,pg_trigger,0,0,0,0,0,0,0,0,0,0,0,0,0,0,0,0,0,0
1415062876.19185,pg_catalog,pg_shseclabel,0,0,0,0,0,0,0,0,0,0,0,0,0,0,,,,
1415062876.19185,pg_catalog,pg_event_trigger,0,0,312,0,0,0,0,0,0,0,0,0,66,246,,,,
1415062876.19185,pg_toast,pg_toast_11742,0,0,0,0,0,0,0,0,0,0,0,0,0,0,,,,
1415062876.19185,pg_catalog,pg_foreign_table,0,0,0,0,0,0,0,0,0,0,0,0,0,0,,,,
1415062876.19185,information_schema,sql_sizing_profiles,0,0,,,0,0,0,0,0,0,0,0,,,0,0,0,0
1415062876.19185,pg_catalog,pg_extension,0,0,0,0,0,0,0,0,0,0,0,0,0,0,,,,
1415062876.19185,public,part,26,32000000,388,19725202,2000000,0,0,0,2000000,0,820020,674716,61234,4884,,,,
1415062876.19185,pg_catalog,pg_ts_config,0,0,0,0,0,0,0,0,0,0,0,0,0,0,,,,
1415062876.19185,pg_catalog,pg_shdescription,0,0,0,0,0,0,0,0,0,0,0,0,0,0,0,0,0,0
1415062876.19185,pg_catalog,pg_cast,0,0,191134,50683,0,0,0,0,0,0,1367,49316,1541,196495,,,,
1415062876.19185,pg_catalog,pg_amop,0,0,57543,80388,0,0,0,0,0,0,2875,77513,4779,119632,,,,
1415062876.19185,pg_catalog,pg_user_mapping,0,0,0,0,0,0,0,0,0,0,0,0,0,0,,,,
1415062876.19185,pg_catalog,pg_type,0,0,154112,152962,316,0,297,0,360,53,3398,150916,4024,313932,,,,
1415062876.19185,pg_catalog,pg_largeobject,0,0,0,0,0,0,0,0,0,0,0,0,0,0,,,,
1415062876.19185,pg_catalog,pg_ts_config_map,0,0,0,0,0,0,0,0,0,0,0,0,0,0,,,,
1415062876.19185,pg_catalog,pg_largeobject_metadata,0,0,0,0,0,0,0,0,0,0,0,0,0,0,,,,
1415062876.19185,pg_catalog,pg_am,7756,7756,0,0,0,0,0,0,0,0,913,6843,0,0,,,,
1415062876.19185,pg_toast,pg_toast_11722,0,0,0,0,0,0,0,0,0,0,0,0,0,0,,,,
1415062876.19185,pg_catalog,pg_ts_template,0,0,0,0,0,0,0,0,0,0,0,0,0,0,,,,
1415062876.19185,public,lineitem,51,1860463657,18987060,430404199,60285860,0,299552,0,59985935,299552,47281997,108673960,4808856,79718916,,,,
1415062876.19185,pg_catalog,pg_foreign_server,0,0,0,0,0,0,0,0,0,0,0,0,0,0,,,,
1415062876.19185,pg_catalog,pg_namespace,1462,14406,56279,49219,10,0,0,0,10,0,797,49910,1980,62751,,,,
1415062876.19185,pg_toast,pg_toast_2619,0,0,7052,23038,565,0,314,0,261,26,2543,8786,430,10838,,,,
1415062876.19185,public,region,32074,160245,80,80,5,0,0,0,5,0,12,32119,26,84,,,,
1415062876.19185,pg_catalog,pg_authid,594,594,14208,14208,0,0,0,0,0,0,781,14021,3144,25272,,,,
1415062876.19185,pg_catalog,pg_default_acl,0,0,640,0,0,0,0,0,0,0,0,0,63,577,,,,
1415062876.19185,pg_catalog,pg_shdepend,0,0,821,171,0,0,0,0,0,0,66,105,268,865,,,,
1415062876.19185,pg_catalog,pg_constraint,0,0,56,24,32,0,24,0,10,24,18,161,32,304,0,0,0,0
1415062876.19185,pg_catalog,pg_index,3199,400530,67248,95403,126,0,98,0,143,5,3440,83403,3398,76652,,,,
1415062876.19185,pg_catalog,pg_ts_dict,0,0,0,0,0,0,0,0,0,0,0,0,0,0,,,,
1415062876.19185,pg_toast,pg_toast_2604,0,0,0,0,0,0,0,0,0,0,0,0,0,0,,,,
1415062876.19185,pg_toast,pg_toast_11732,0,0,0,0,0,0,0,0,0,0,0,0,0,0,,,,
1415062876.19185,pg_catalog,pg_proc,0,0,77877,114161,0,0,0,0,0,0,10279,80351,8803,160489,0,0,0,0
